"word","analysis","example","etymology","affix","history","word_form","memory_aid","story"
"ABC","ABC 是一种常用的英文缩略词，也是英语字母表的前三个字母，代表字母 A、B 和 C，常被用来表示基本的、初级的或最初级的概念，比如 'ABCs of XYZ' 就是 'XYZ 的基础知识'。在某些情况下，ABC 也被当作一种流行的排序方法，或被引用为一种学习的象征。在商业领域，ABC 常常指 Activity-Based Costing（基础成本法）。","- You should always remember your ABCs.（你应该一直记住你的基础知识。）\n\n- The teacher is teaching the students their ABCs.（老师正在教孩子们学 ABC。）\n\n- The company adopts the ABC in accounting for more accurate costs.（公司在会计中采用基础成本法以获得更准确的成本。）","ABC, 首字母缩略词，A、B、C 是英语字母表的前三个字母，没有明显的词根。","无词缀","这个缩略词和它的意义可以追溯到比较早的时期，当字母表被用于教育目的时。到了现代，'ABC' 这个短语广泛用于若干领域，比如教育、音乐、电视和商业等。","无","古老的儿歌 'ABC Song' 是一种很好的方法来记住 ABC，它将字母 A 到 Z 的顺序融入到一首简单易记的歌曲中。","Tom is a first-grader. Today he happily brought home his first English book. He looked at his mother and said, 'Mom, I learned the ABCs today!'  \n\n(汤姆是一名一年级学生。今天他高兴地带回家他的第一本英语书。他看着妈妈说：“妈妈，我今天学了 ABC!')"
"Amsterdam","'Amsterdam' 是荷兰首都的名称，被誉为欧洲最繁华和文化气息浓厚的城市之一。","- I visited the Van Gogh Museum in Amsterdam.（我参观了阿姆斯特丹的梵高博物馆。)\n\n- Amsterdam is known for its artistic heritage.(阿姆斯特丹以其丰富的艺术遗产而闻名。)\n\n- I took a boat tour along the canals of Amsterdam.(我在阿姆斯特丹的运河上进行了船游。）","无","无","Amsterdam 的名字源自于荷兰语对'默西尔河上的堤防'的描述。默西尔河是一个小河流，阿姆斯特丹市街就建在这个河的旧河床上。而这个城市在历史上以其自由开放的文化精神和丰富的艺术遗产闻名于世。","无","'Amsterdam' 这个单词可以通过联想阿姆斯特丹市的标志性景点（如风车、运河、梵高博物馆等）来记忆。","In Amsterdam, I marveled at the beautiful houses lining the canals, each one unique and full of history. I could feel the artistic soul of the city pulsating in every corner.  \n\n在阿姆斯特丹，我对运河旁排列着的美丽房屋感到惊叹，每一栋都独一无二，充满历史。我可以在每个角落感受到这个城市的艺术灵魂在跳动。"
"NBA","NBA 是 “National Basketball Association” 的缩写，中文翻译为“全国篮球协会”。它是北美的一家专业篮球联赛，由30个队伍组成，是全球四大体育联赛之一。由于NBA众多一流的篮球技能和独特的赛事形式，使得它在全球范围内享有极高的知名度。","- NBA is known globally for its high standards of basketball. （NBA因其高标准的篮球技艺在全球范围内而闻名。）\n\n- Michael Jordan was a basketball superstar in the NBA. （迈克尔·乔丹是NBA的篮球巨星。）\n\n- Many young players dream of playing in the NBA.（许多年轻球员梦想在NBA中打球。）","NBA作为一个缩写，所以它没有词根、词缀。","无","在历史和文化的发展方面, NBA成立于1946年，最初叫做美国篮球协会（BAA），在合并了国家篮球联盟（NBL）后更名为现在的全国篮球协会。NBA在全世界的影响力不断增长，吸引着来自世界各地的优秀球员。","NBA的变形可能包括不同的相关固定搭配和短语,如:NBA player (NBA球员)、NBA team (NBA队伍)、NBA game (NBA比赛).","由于'NBA'的含义相对简单，你可以将它视为一部分或者是关联到你最喜欢的球队或者球员，来更加容易记忆。","Tom has been a huge fan of basketball since he was a kid. Ever since he watched his first NBA game on television, he dreamed of becoming a professional NBA player.（自从汤姆小时候看过他的第一场NBA比赛，他就梦想成为一名专业的NBA球员。）"
"Tahiti","Tahiti是一个专有名词，源自法语，指的是太平洋南部大溪地岛。这个词没有特定的词根、词缀和变形。它是法属波利尼西亚的最大岛屿，也是经济、文化和政治中心。","- I've always dreamed of going to Tahiti.(我一直梦想去大溪地岛。)\n\n- Tahiti is renowned for its beauty.(大溪地以其美丽而闻名。)\n\n- We spent our vacation in Tahiti.(我们在大溪地度假。)","无","","大溪地岛是法属波利尼西亚的主岛，经济、文化和政治中心。岛屿上的土地肥沃，热带雨林丰富，气候宜人。此外，那里的珊瑚礁和海滩美景也吸引了众多游客。","无","你可以想象一下，你在一个充满了美丽热带风光的地方，那就是Tahiti（大溪地）。天堂般的场景和词语的发音可以互相联系起来帮助你记住这个单词。","We felt as if we stepped into another world the moment we landed on Tahiti. The vibrant colors of the flowers, the turquoise waters, and the friendly smiles of the locals - all added to the charm.\n\n当我们降落在大溪地的那一刻，我们仿佛步入了另一个世界。鲜艳的花朵，碧绿的水域，以及当地人亲切的笑容--统统增添了它的魅力。"
"commute","'Commute' 是一个英语动词，主要有两个意思：1) 指的是在两个地方之间，如家和工作地点，定时往返，就如我们常提到的'通勤'; 2) 在数学和法律卧室，它指的是改变事物的状态或顺序。","- She commutes to work by train every day. 她每天坐火车通勤上班。\n\n- As the need arose, he had to commute from the city to the countryside regularly. 随着需求的出现，他不得不定期从城市通勤到乡下。\n\n- The judge decided to commute his sentence to a fine. 法官决定将他的刑罚兑换为罚款。","Commute 这个单词的词根是 Latin 词 'commutare'，意为 'to change' or 'to exchange'（改变或交换）。 Commutate 还可进一步拆分为 'com-' （一起）和 '-mutare'（交换）。","Commute 这个单词的词缀是 'com-' 和 '-ute'。'Com-' 是一个前缀，意思是'一起'，'-ute'是后缀，它在这里没有特定的意思，但用于形成动词。","Commute 这个词始于16世纪，源自拉丁语'commutare'，最早的意思是'交换'或'替换'。现代意义，作为'定期往返于两地之间'的词汇，源于19世纪的美国，与城市化和近代化的交通工具的发展密切相关。","- 名词：Commuter (通勤者)\n\n- 形容词：Commutative (换位的，交换的)\n\n- 副词：Not applicable as this word is primarily used as a verb.","想记住commute这个单词，你可以关联到'common route'，因为通勤就意味着你要经常走一条常规的路线。","'Every day, John wakes up at 6am to commute to his office in the city. Despite the long journey, he enjoys the ride as he gets to admire the city's beautiful skyline every morning. John is a daily commuter in this fast-paced city.'  \n\n每天，约翰都会在早上6点起床，然后通勤去城里的办公室。尽管路程很长，他仍然喜欢这样的旅行，因为他可以每天早晨欣赏到城市美丽的天际线。约翰是这个快节奏城市的每日通勤者。"
"generally","'Generally' is an adverb, and it means usually or in most situations. It's often used to describe something that is commonly found or recognized as a norm or standard.","- Schools generally teach students basic skills.（学校通常教给学生基本技能。）\n\n- She generally arrives home at six o'clock.（她通常六点钟到家。）\n\n- Generally speaking, I think it's a great idea. (总的来说，我觉得这是个好主意。)","The root word in 'generally' is 'general'. 'General' originally comes from the Latin word 'generalis', which pertains to all kinds, classes, or places.","The word 'generally' has a suffix -ly. This is a common suffix in English, often adding the meaning 'in what way' or 'characteristic of' to an adjective to form an adverb.","The word ‘general’ comes from the Old French ‘general’, which was used to represent 'something applicable to whole class'. The suffix '-ly' is from Old English –lice, meaning 'manner' or 'form'.","The word 'generally' doesn't have a noun form, but its root 'general' does, as in 'a general in the army'. The word 'general' can also act as an adjective. For example, 'It's just a general overview' (这仅仅是个总体概述) and 'He has a general understanding of the subject' (他对这个主题有个大概的理解).","You can remember this word by breaking it into two parts 'general' and 'ly'. 'General' means it is applicable to most cases, and 'ly' is indicative of a form or a manner thus forming 'generally' or 'usually'.","'Despite the tough training, the athletes generally felt happy as they knew they were improving step by step.' (尽管训练艰难，但是运动员们通常都感到很开心，因为他们知道自己正在一步步提高。)"
"miniature","'Miniature'是一个形容词， 它的意思是极小的或迷你的，通常是用来描述一个小规模复制物。这个词也可以作为一个名词来使用，表示一个小版本或模型。","- This is a miniature replica of the Eiffel Tower. (这是一个埃菲尔铁塔的迷你复制品。)\n\n- Some people like to keep miniature dogs as pets. (有些人喜欢饲养迷你型的狗作为宠物。)\n\n- The artist is known for her highly detailed miniature paintings. (这位艺术家以她极具细节的微型画作而闻名。)","'Miniature'这个词源自拉丁语单词 'minium'，意为 '亮红色颜料'，因为中世纪的插图经常使用这种颜料。随后，意义扩展为小型画作，再扩展为小型的或缩小的。由此词根衍生的其他单词有'minimum'，“minimal'。","'Miniature'的词缀'mini-'源自拉丁语的'minimis'，意思是'小的'。其他携带相同词缀的单词有'minimum'，'minimalist', 'mini-skirt'等。","'Miniature'这个词与欧洲中世纪时期的绘画技巧有关，当时，一种名为'minium'的亮红色颜料在装饰手抄本中常用于插图，这些由此颜料绘制的小插图称作'miniature'。在时间推移中，'miniature'的含义扩展为代表任何小型画作或模型。","- 名词形式：miniature（微型，微型画）  \n\n- 形容词形式：miniature（微型的）","你可以通过连接这个词的发音和意思来记住它。'Miniature'发音类似'mini' +'ature',在你头脑中可以形象地想象一下你最喜欢的'mini'物件，应该能帮助你记住这个词。","Once, I received a miniature globe as a gift. It spun smoothly, showing every country no larger than my thumbnail. It was a tiny world in my hands.  \n\n(有一次，我收到了一份微型地球仪的礼物。它旋转得非常顺畅，上面每个国家都不大于我的指甲。这是我手中的一个小世界。)"
"repeatedly","单词'repeatedly'是一个副词，意为“一再地，反复地，不断地”。在日常生活、工作学习，以及文学作品中都有大量使用。","- He knocked on the door repeatedly but no one answered.（他反复敲门，但无人应答。）  \n\n- The homework is hard, so you need to review it repeatedly.（这个作业很难，你需要反复复习。）  \n\n- Repeatedly pressing the button will not speed up the process.（重复按按钮不会加速进程。）","Repeatedly 的词根是 'peat'，来源于拉丁词根 'petere'，意为'追求，寻求'。词根 'peat' 表示'多次，再次'的意思。","'Repeatedly' 的前缀是 're-'，表示'再次、重复'，词根是 'peat'，后缀是'-ed'和'-ly'，'ed' 是动词的过去式和过去分词，'ly' 经常作为形容词后缀。","“Repeatedly”一词源自中世纪拉丁文的'repetere'，意为“再次获取”，再经过演变成为我们现在所使用的形式。","Repeated (形容词，重复的)；Repeat (动词，反复或复述；名词，反复或复述)","给你一个记忆的方法：可以联想到生活中常有的重复行为，比如敲门（Knocking the door repeatedly）, 复习功课（Review the lessons repeatedly）等情景，这样更容易记住它。","John repeatedly stood by the phone, anxiously waiting for his son's return call. The silence of the night was occasionally broken by the ticking of the clock. (约翰反复站在电话旁，焦急地等待儿子的回电。夜晚的寂静偶尔被时钟的滴答声打破。)"
"twist","'Twist' 在英语中有很多不同的含义，这取决于它如何使用。它最基本的意思是物理上的“扭转”或“旋转”，通常涉及到一种更改形状或方向的动作。此外，它还可以表示情节的“转折”或“突然变化”，例如在故事或电影中。","- She twisted her ankle while playing basketball.(她打篮球的时候扭伤了脚踝。)\n\n- The path twists and turns through the mountains.(小路蜿蜒曲折地穿过群山。)\n\n- The movie has an unexpected twist at the end.(这部电影结尾处有一个意想不到的转折。)","'Twist' 的词根是旧英语的 'twist', 它的意思是 '绳子' 或 '线'，它可能来自 Proto-Germanic 的 'twis',表示 '两个' 的意思，原指把两股线一起绕成一股绳子。","'Twist' 是一个基础词，没有词缀。","'Twist' 在英国文化中，是一种古老和普遍的话题，尤其是在文学和剧作中。这个词已经被用来描述物理运动、故事情节的突然转变以及思想和行为方式的变化。","- Noun (名词): Twist  \n\n- Plural (复数): Twists  \n\n- Verbal noun (动名词): Twisting  \n\n- Past tense (过去式): Twisted  \n\n- Adjective (形容词): Twisted","你可以把 'Twist' 和模拟扭两段线的动作关联起来，想象你正在把两段线向反方向扭成一个绳子。","Once upon a time, there was a mysterious path in a forest. The path twisted like a snake, causing anyone who followed it to lose their way. But, the twist at the end was, it led to a hidden treasure.(从前，森林里有一条神秘的小路。这条小路像蛇一样蜿蜒曲折，导致任何追随它的人都会迷失方向。但是，最后的转折是，它通向一个隐藏的宝藏。)"
"BC","BC在英语中被广泛翻译为“公元前”。BC原指'Before Christ'（基督出生之前），不过现在更常用的是'BCE'，即'Before Common Era'（公元前）。这样的表示法在历史和科学领域非常普遍，用于标注距离今天很久远的年份，如 '500 BC'，就专指公元前500年。","- Julius Caesar was assassinated in 44 BC.（朱利亚斯·恺撒在公元前44年被暗杀。）\n\n- Rome was founded around 753 BC.（罗马建城大约在公元前753年。）\n\n-The Great Pyramid of Giza was built around 2580–2560 BC.（埃及吉萨的大金字塔建造于公元前2580—2560年左右。）","由于BC是一个特殊的表示法，无法使用词根、","同时，由于BC是时间表示法，所以并无具体的名词、动词等","无","无","关于记忆BC，你可以这样想: B代表(before，前面)，C代表(Christ，基督)，即“基督之前”。在运用数年份的场景时，往往需要包含BC，所以在看带有历史年份的文本时常会见到这个词。","In 27 BC, Julius Caesar's adopted son Octavius had completed his rise to power, and was named the first Emperor of Rome, Caesar Augustus. (公元前27年，朱利亚斯·恺撒的养子奥克塔维乌斯完成了他的权力崛起，并被任命为罗马的第一位皇帝，属于凯撒·奥古斯都。)"
"Oakland","Oakland 指的是美国加利福尼亚州的一个城市。它位于旧金山湾区，是该地区的主要城市之一。这个地方以其独特的艺术文化，生动的音乐场景，以及美食而闻名。","- I live in Oakland. (我住在奥克兰。)\n\n- Oakland has a vibrant art scene. (奥克兰有一个充满活力的艺术圈。)\n\n- The food in Oakland is amazing. (奥克兰的食物很棒。)","无","无","Oakland 的名字起源于其丰富的橡树。这个城市在19世纪的黄金热潮期间快速发展，并在20世纪的工业化进程中扮演了重要的角色。","Oakland 无相应变形词形，因其为地名。","将 Oakland 和 '橡木之地' 联系起来。","Emily is an artist who lives in Oakland. She draws inspiration from the lively streets, colorful murals, and the beautiful bay views. Every day, she explores the city with her sketchbook, captivated by its energy.  \n\n(Emily 是一个住在奥克兰的艺术家。她从充满活力的街道、色彩斑斓的壁画和美丽的湾区风景中获取灵感。每天，她带着她的素描本探索城市，被它的活力深深吸引。)"
"Yorkshire","Yorkshire是英国的一个郡，位于英格兰北部，是英国面积最大的一个郡。它被分为了四个部分：北约克郡、东约克郡、西约克郡以及南约克郡。因其历史悠久和风景秀丽，是英国重要的观光地之一。","- We plan to visit Yorkshire to see its beautiful countryside.()我们计划去约克郡游玩，看看那里优美的乡村风光。)\n\n- She hails from a small town in Yorkshire.(她出生于约克郡的一个小镇。)\n\n- The traditional Yorkshire pudding is a must-try when you visit.(当你去约克郡时，一定要尝尝传统的约克郡布丁。)","无","无","约克郡在罗马帝国时期就已经存在，其名称来源于这里的一座主要城市——约克。在中世纪，这里是纺织业重心以及长毛绵羊种群的主要集中区域。约克郡的文化背景丰富，拥有许多著名的历史遗迹、博物馆，以及众多的文化和音乐节。","无","无","Last year, my family took a trip to Yorkshire. We instantly fell in love with its captivating landscapes. We visited the historic city of York, tried some traditional Yorkshire pudding and treated ourselves to the spectacular view of the Yorkshire Dales. It was indeed a memorable journey! （去年，我的家人去约克郡旅行。我们立刻深深地爱上了那里迷人的风景。我们参观了历史悠久的约克市，尝试了一些传统的约克郡布丁，并在约克郡山谷欣赏了壮观的风景。那的确是一次难忘的旅程！）"
"dark","'Dark' 是一个形容词，用于描述光线不足或完全没有的情况，像'夜晚'和'暗室'等情况下通常会使用到'dark'。此外，'dark'也常用来形容秘密、神秘、阴郁或恶意的事物。","- The dark night sky was dotted with stars. (暗夜的天空点缀着星星。)\n\n- He keeps his past dark. (他对过去保持秘密。)\n\n- He has a dark sense of humor. (他的幽默感有些阴郁。)","'Dark' 一词在英语中是一个基础词，没有明显的词根或词缀。但可以和其他词组成复合词，如 'darkroom'（暗房）。","无","'Dark' 来自于古英语 'deorc'，最早用于形容光线不足的情况。在文化中，'dark' 通常与秘密、未知或恐惧相关联。","'Dark'通常为形容词。其比较级形式为 'darker'，最高级形式为 'darkest'。其名词形式'darkness'则指代缺乏光线的状态。例如：\n\n- Dark - darker - darkest (暗 - 更暗 - 最暗)\n\n- Darkness (黑暗)","不妨一起看看这个词的反义词'light'，两者有明显的对比，会有助于记住'dark'的含义。","'In the dark forest, a lone wolf howled, sending chills down the spines of its unseen audience. Shadows danced, complicating the eerie atmosphere.'  \n\n(在黑暗的森林中，一只孤狼嚎叫着，听者如临冰窖。阴影在跳舞，使得气氛更加诡异。)"
"guess","'Guess' 在英语中是一个经常用到的词，在最基本的意义上，它表示猜测或推测，此外，它也可以用作动词，表示猜测或推测的行为。","- I can't even guess how much it costs.（我连猜都猜不出它的价格。）\n\n- Just take a wild guess.（你随便猜猜看。）\n\n- I guess I'll have to do it myself.（我想我得自己来做。）","'Guess'（猜测）这个词本身就是词根","没有明显的词缀。","'Guess' 这个单词源自古英语 'gysan'，原意为'估计”，现在主要用于表达不确定的猜想，或加上 I guess 来表示对某事的个人观点。","- 作为动词，guess的过去式和过去分词均为guessed，进行时为guessing。","- 'Guess'类似中文中的“猜”，你可以试着通过形象地想象某个情境来记住这个词，比如你正在猜测朋友心里在想什么，或者是在一个游戏中作出猜测。","Michael was guessing what was inside the present. As he shook the box, he felt something move. His pulse quickened. Could it be the new game console he had been dreaming of?（迈克尔在猜礼物盒里装的是什么。他摇了摇盒子，感觉里面的东西动了一下。他的心跳速度加快了，会不会是他梦寐以求的新游戏机呢？）"
"mistress","' Mistress'是一个多义词，主要有两个含义。一是指'女主人'或'女主持人'，通常用于指代管理家务的女性或主持某事项的女性。二是作为'情妇'或'秘密情人'来理解，指一个与已婚男子有情感或性关系的女性。","- She is the mistress of her own fate.（她是自己命运的主人。）  \n\n- He introduced me to his mistress.（他向我介绍了他的情妇。）  \n\n- She is a mistress of the culinary arts.（她是烹饪艺术的女主导者。）","'Mistress' 原本是'master'的女性形式，来自于古英语的'mǣgester', 表示权威或控制。","'Mistress'没有包含明确的词缀部分。","'Mistress'在早期英国是用来表示对有权有势的女性或主持人的尊称，如'lady'或'madame'。然而，随着文化的发展，这个词的意义逐渐转变成了表述'秘密情人'的意思。","- 名词：Mistress\n\n- 形容词：Mistressy（但基本不使用）  \n\n固定搭配：\n\n- Mistress of oneself: 自我控制的人\n\n- Mistress of the Seas：指英国，源于其强大的海军实力。","'Mistress'与'Master'在读音与词义上有类似之处，可以记住'Mistress'即是'female master'（女性的主人）。","'There once was a woman who was a mistress of her own furniture shop. She was respected and admired by all for her outstanding work.'（曾经有个女人是自己家具店的女主人。她因为出色的工作而受到大家的尊重和敬佩。）"
"representative","'Representative'这个英语单词在中文中的意思主要有：代表，代理人，展示物，典型。其主要用作名词或形容词。","- He's the representative of our company. (他是我们公司的代表。)\n\n- This painting is representative of his early work. (这幅画是他早期作品的典型。)\n\n- The statue is a representative artifact of the ancient culture. (这座雕像是古代文化的代表物。)","词根是represent, 由 're' (再次) + 'present' (展示，呈现)组成， 意为再次展示，代表。在此基础上添加'ative'后缀，带有代表、象征的含义。以下是由represent派生出的一些其他的单词：re-present, representation, etc.","'re-'的含义是'again'， '-ative'表示形容词或名词。","在欧美文化中，representative这个词常常用于政治、法律、艺术等领域，代表着一种代替、象征或是典型的意义。","其常见的变形有：\n\n- 表示否定的形式 unrepresentative (n.) 非典型的\n\n- 其代词形式为 representative's\n\n- 动词形式为 represent (vt.表示,象徵,代表)","使用联想记忆法，例如你可以将're+present+ative'理解为“再次呈现”的状态或行为，意为代表或典型。","The school chose Lucy to be their representative for the national debate competition, because she was an excellent speaker and could re-present their views well. (学校选择了Lucy作为全国辩论赛的代表，因为她是一位优秀的演讲者，能很好地代表他们的观点。)"
"underground","'Underground'在英语中是一个形容词、名词或副词，主要有两个基本含义：1. 在地面下面或地表下的。2. 秘密的、非官方的。","- We traveled to our destination by the underground. (我们乘坐地铁去的目的地。)\n\n- An underground movement began to form against the government. (一个针对政府的秘密运动开始形成。)\n\n- The cables are all underground. (电缆都埋在地下。)","'Underground'由两部分构成，'under-'和'ground'。 'Under-'是前缀，意思是'在...之下'。 'Ground' 是名词，意思是 '地面'。这两者组合起来直译就是'在地面之下'。","在这个词中，最主要的词缀就是前缀 'under-'，所有与 'under'前缀相关的单词都有一种'在...之下'的含义，例如 'undersea'(在海洋之下)、'underwear'(内衣）等。","'Underground' 是一个中世纪时期的词，历史上主要用于描述地表下的东西。在现代英语中，除了保留字面意思外，还引申为描述秘密或非官方的行动或组织。","'Underground' 没有变形，无论是名词还是形容词形式，单复数形式都是 'underground'。","连接 'under-' 和 'ground' 理解，即可轻松记住 'underground' 这个词。你可以想象一个地铁（underground train）在地下行驶的图像，这会帮助你记住这个词的字面意思。","Tom discovered an underground tunnel in his backyard. He was amused to find the hidden path leading to an old treasure chest.\n\n湯姆在他的後院發現了一個地下隧道。他對找到通往古老寶箱的隱藏通道感到非常有趣。"
"Barcelona","'Barcelona' 是西班牙的一个城市，它位于西班牙东北部，临近地中海，是加泰罗尼亚自治区的首府。这个城市以其独特的建筑艺术，如高迪的作品，以及强大的足球队——巴塞罗那足球俱乐部而闻名。","- She and her husband travelled to Barcelona on vacation. （她和她的丈夫去巴塞罗那度假。）\n\n- The artwork of Gaudi can be seen throughout the city of Barcelona. （在巴塞罗那的全城都可以看到高迪的艺术作品。）\n\n- Barcelona football club is known worldwide. （巴塞罗那足球俱乐部享誉世界。）","'Barcelona'是一地名，并无词根。","'Barcelona'作为地名，没有词缀。","'Barcelona'是世界公认的历史文化名城，是西班牙加泰罗尼亚地区的首府。城市中有许多高迪的建筑艺术，如圣家堂以及巴特罗之家等。此外，还有西班牙最优秀的足球队巴塞罗那足球俱乐部，这都使巴塞罗那名声大噪。","'Barcelona'作为地理名称，没有变形。","巴塞罗那足球俱乐部的球迷可以将这个城市的名字和俱乐部的荣誉、比赛场景等联系起来，以帮助记忆。喜欢高迪建筑的人可以想象自己在这个城市的街头漫步，欣赏高迪的艺术创作。","Tom, a die-hard fan of Barcelona's football team, finally made his dream come true by visiting the Camp Nou, the home ground of the Barcelona football team. His heart pounded as he set foot in this legendary city.  \n\n(汤姆，一个死忠的巴塞罗那队球迷，终于实现了他的梦想，他来到了巴塞罗那队的主场——诺坎普。当他踏上这座传奇的城市，他的心开始狂跳。)"
"Ohio","'Ohio' 是美国的一个州名，位于该国的中北部，是美国的一个重要工业州，也是五大湖地区的一部分。还有，'Ohio' 在印第安语中有'大河'或'美丽的河流'的含义。","- I'm going to spend my summer vacation in Ohio.（我打算在俄亥俄州度过夏假。）\n\n- The Ohio river is stunning in the autumn.（俄亥俄河在秋天非常美丽。）\n\n- Ohio plays a significant role in the U.S. elections.（俄亥俄州在美国的选举中扮演重要角色。）","无","无","'Ohio' 源自印第安语的 'oyahoga' 或 'iaria'，表示'大河'或 '美丽的河流'。在1754年，区域成为法国殖民地的一部分，后在 1763 年割让给英国， 最后在 1803 年成为美国的州。","由于 'Ohio' 是地名，没有明显的单词变形和固定搭配。但'Ohioan'这个词用来指称在俄亥俄州出生或居住的人。","想要记住这个词，你可以联想到它的发音，象声词'ohio'（哦，嗨哦）可以帮助你记忆。","Tom was an adventurous Ohioan who loved exploring the natural beauty of Ohio. From the serenity of the Ohio River to the energy of the bustling cities, every adventure was a love letter to his homeland.  \n\n（汤姆是一个喜欢冒险的俄亥俄人，他喜欢探索俄亥俄州的自然之美。从俄亥俄河的宁静到繁华城市的活力，每一次冒险都是对他的家乡的热爱之情的表达。）"
"abandon","'Abandon'是一个动词，其基本意义是'放弃'或'丢弃'。它表示放弃某个物品、人、地方或概念。有时，它还可以表示'完全投入'或'深陷于'某种情况或环境中。","- She decided to abandon the idea and start afresh. (她决定放弃这个想法，重新开始。)\n\n- After the storm, the ship was abandoned. (暴风雨过后，这艘船被遗弃了。)\n\n- He abandoned himself to grief. (他陷入了悲痛之中。)","'Abandon'来自于法语'abandonner'，而法语中的'abandonner'则来自于Old French的'abandoner'。在最初的Old French中含意为 '放弃'，延伸至现在的英文中，其意义并无太大改变。","'Abandon'没有前缀，词根是'-bandon'，后缀没有；其他含'-bandon'的单词很少。'Abandon'的形容词是'abandoned'。","'Abandon'最初在法语中诞生，是由先前的'aban-'（意为'放弃'，来源于拉丁语'bannire'，意为'宣告'或'放弃'）和后缀'-don'（来源于拉丁语'donare'，意为'给'）组成的。这个词在13th世纪时传入了英语，并保持了其原本的含义。","Abandon是动词原形，其过去式和过去分词形式是'abandoned'，现在分词是'abandoning'。形容词形式是'abandoned'，“被遗弃的”。","你可以将'Abandon'与'Band'（乐队）联系在一起。在一个想象场景中，乐队的成员因为某种原因不得不离开他们的乐队，这就像是他们'abandon'了他们的乐队。","Once there was a soldier who had to abandon his home to serve his country. His loyal dog, however, remained in the abandoned house, waiting for its master to return. (曾经有个军人不得不离开自己的家去为国家效力。他忠诚的狗， however，在这个被遗弃的房子里等待着主人回来。)"
"dilute","' Dilute' 是一个动词，意为'将（液体）稀释'或'减弱（质量，纯度，力度等）'。当它被用作一个形容词时，就意味着'被稀释的'或'减弱的'。","- You need to dilute the paint with a little water before you use it.（你在使用这种油漆之前需要用一些水将其稀释。）\n\n- The company has diluted the quality of their products to increase profit margins.（公司为了增加利润率，降低了其产品的质量。）\n\n- That orange juice is too strong, it might be better if you dilute it with water. （那个橙汁太浓了，你可能需要用水稀释一下。）","'Dilute' 的词根来自拉丁词'dilutus'，意为'洗涤，稀释'。","'Dilute' 是由'di-'（两者之间）和 '-lute'（洗涤，稀释）组成。","该词在西方文化中，经常用于化学领域，描绘溶液的浓度。同时也被应用在商业上，指代公司股票发行带来股东权益稀释。","- 过去式：diluted  \n\n- 过去分词：diluted  \n\n- 现在分词：diluting  \n\n- 名词：dilution  \n\n- 形容词：diluted","可以将'dilute'与'dilution'关键一个映射，通过这种方式更加容易记住单词的意思和用法。","The girl didn't like the strong flavor of the coffee. So, she diluted it with milk. Now, she enjoys her coffee every morning.  \n\n（那个女孩不喜欢咖啡的浓烈口感，所以她用牛奶将其稀释，现在她每天早晨都喜欢喝那杯咖啡。）"
"hemisphere","'Hemisphere'是一个英语单词，由两部分构成，'hemi-'意为'一半'，'-sphere'意为'球'，所以整体意思是'半球'。它通常在地理学中指地球或其他天体的半部分，比如'北半球'（Northern Hemisphere）或'南半球'（Southern Hemisphere）。除此之外，它还可以在神经科学中表示大脑的左半球或右半球。","- We live in the northern hemisphere. （我们住在北半球。）\n\n- The conference attracts people from both the Eastern and Western hemispheres. （这个会议吸引了来自东半球和西半球的人们。）\n\n- Hemisphere can also be used to refer to different sides of the brain, such as the left hemisphere and the right hemisphere. （'Hemisphere'还可用于指大脑的不同侧面，如左半球和右半球。）","Hemisphere来自希腊词根'hemis-'表示'半'和'sphere'表示'圆，球'。其他有相同词根的单词有'hemicycle' (半圆形的建筑)、'hemistich' (半行诗)等。","Hemisphere这个词没有特别的词缀，但是它的组成部分'hemis-'和'-sphere'就像一种特殊的词缀，可以和其他部分结合构成意思的变化。例如，'hemicycle'中的'cycle'表示'圆'，结合'hemis-'就表示'半圆'。","'Hemisphere'这个单词首次出现在14世纪，最初用于描述天体的半球。直到稍后，当我们开始更深入了解地球的形状和结构时，它开始被用来描述地球的北半球和南半球。","Hemisphere是一个名词，没有动词、形容词或者副词的变形。它也没有复数形式，因为我们通常说 'the northern/southern hemisphere' 而不是 'the hemispheres'。","要记住这个单词，你可以想象一个切成两半的球或果实，每一半都是一个'hemisphere'（半球）。","Once upon a time, a bird lived on the equator. It was said that only by flying to the northern hemisphere could it find its true love. So, it took the courage and set off on the journey. (曾经有一次，一只鸟生活在赤道上。据说只有飞到北半球它才能找到它的真爱。所以，它鼓起勇气，开始了旅程。)"
"nought","'Nought'是一种老式英语用法，相当于'nothing'，表示“零”，“没有”，旨在表示没有的状态或无价值。","- For all his efforts, he got nought. (尽管他付出了所有的努力，但他一无所获。)\n\n- We had nought to eat all day. (我们一整天都没有东西吃。)\n\n- My contribution is as nought compared to yours. (与你的贡献相比，我的微不足道。)","'nought' 这个词在英格兰的古英语中表示零或没有。 它的原始形态是'nowiht'，由'ne' （无）和 'wiht' （事物）组成。","'nought'并没有词缀，它是一个在早期英语中就存在的词，没有经过词缀的修饰和变化。","在意识到数学概念后，人们需要一个单词表示'没有'或'零'，'nought'就在此时产生。在英国，零（0）还会被覆盖称为'nought'。它还可以在著名的诗歌和故事中找到，如莎士比亚的诗歌。","作为一个非常特殊的单词，“nought”没有变形。但值得注意的是，美式英语中更常用'naught'，而英式英语中更偏向使用'nought'。","将'nought'与'naughty'(淘气的)联系起来，淘气的孩子可能什么满意的答案都得不到，或者说得“nought”。","In a town far, far away, a naive lad bet all his wages on a horse race and ended with nought. Despite his dreary reality, he beamed with positivity, for he believed in living for the moment.  \n\n(在一个遥远的地方，一个天真的小伙子把所有的工资都押在了一场马赛上，最后一无所获。尽管他的现实情况很惨淡，但他仍充满了乐观，因为他相信要活在当下。)"
"responsive","'responsive'的基本含义是'对某物有反应的'或者'能很快作出反应的'。","- She’s very responsive to treatment. 她对治疗反应很好。\n\n- We need to be responsive to our customers' needs. 我们需要对顾客的需求作出反应。\n\n- The system is designed to be responsive to user input. 系统被设计成对用户输入有反应的。","'responsive'的词根为'respond', 表示'回应，做出反应'。由此衍生出的单词有'response'（反应），'responsibility'（责任）等。","词根：respond-表示回应;  \n\n后缀：-ive 是形容词后缀，与词根结合表示“具有…性质的”。  \n\n例如，'reactive' （反应的），'active' （活跃的）等单词中也出现了这个后缀。","'responsive'起源于中古英语，来自拉丁词根 'respondēre', 意思是'答复'或'回答'。","- 名词形式：responsiveness（反应性，敏感性）  \n\n- 副词形式：responsively（反应地，灵敏地）","可以将 'responsive' 联想成 'response' （反应）+'-ive'。之后，就可以用类似的pattern记忆其他以 '-ive' 结尾的形容词了。","'The company's responsive customer service left a deep impression on John. Each of his concerns was addressed promptly, giving him a wonderful shopping experience.'  \n\n公司周到而且反应迅速的客户服务给约翰留下了深刻的印象。他的每一个问题都得到了及时的解答，为他带来了美好的购物体验。"
"upbringing","'Upbringing'是一个名词，它指的是一个人在成长过程中得到的教育和照顾，尤指家庭教育和社会教育对他道德、社会适应能力等方面的塑造。例如，当我们说 'He had a strict upbringing' 时，这意味着他在成长过程中接受的家庭教育和规矩很严格。","- His tough upbringing shaped his resilient character.（他艰苦的成长经历塑造了他坚韧的性格。）\n\n- Children's upbringing plays a vital role in their future success.（孩子们的教养在他们未来的成功中起到至关重要的作用。）\n\n- Her upbringing taught her the importance of honesty and integrity.（她的教养教会她诚实和正直的重要性。）","'Upbringing'这个单词的组成部分是'up-'和'bring'。'Up-'是一个方向性前缀，意为“向上”；'bring'是动词，意为“带来”。放在一起，'upbringing'字面意思就是“带（孩子）向上（成长）”，可以理解为引导孩子的成长。","无","无","单词'Upbringing'没有其他常见的单词形变，它本身就是一个名词。一些相关的搭配或组词可能包括'strict upbringing'（严格的教养）和'religious upbringing'（宗教教养）。","为了记住这个词，你可以将它的词根'bring'和前缀'up-'联系起来，想象一个过程，你正在把东西（如智慧、知识、道德）带到一个更高的地方（如心灵、认知），这就是'upbringing'的过程。","Once upon a time, in the peaceful town, there lived an honest and moral man. Everyone respected him for his remarkable character. As he explained, it was his upbringing that formed his character: his parents always instilled an importance of being honest and moral.（从前，在一个宁静的小镇上，住着一个诚实善良的男人。每个人都尊敬他的卓越品格。他解释说，是他的教养塑造了他的品格：他的父母一直灌输他诚实和道德的重要性。）"
"Brian","'Brian' 并非一个英语单词，而是一个常见的英语男性名字。它在爱尔兰语中的原意是 '强大的, 高尚的'。","- Brian is my best friend. (Brian 是我最好的朋友。)\n\n- Brian, could you pass me the salt, please? (Brian，你能把盐递给我吗？)\n\n- Brian studies hard and always gets good grades. (Brian 学习很努力并且总是取得好成绩。)","由于 'Brian' 是一个名字，无法进行词根分析","无","无","无","想要记住 'Brian' 这个名字，你可以尝试将它和生活中你所认识熟悉的名字叫 'Brian' 的人联系起来，或者联想到一些有名的 'Brian'，比如湖人队的前球员科比·布莱恩(Kobe Bryant)，只需要将最后一个音节进行简单变换即可。","Once upon a time, a brave knight named Brian saved the kingdom from a terrible dragon. From then on, everyone loved and respected Brian. And 'Sir Brian' became a legend in the kingdom.  \n\n(从前，有一位名叫 Brian 的勇敢骑士拯救了国王与龙的恶战。从此以后，所有人都爱戴和尊重 Brian。'Sir Brian' 也成为了王国中的传奇故事。)"
"PA","英文单词 'PA' 多被用作缩写，在不同的语境和领域中，'PA' 可表示的内容也会有所不同。这里我会考虑到两种常见的用法。\n\n- 'PA' 最常见的含义是 'Public Address'，这在电子设备或者音响系统中被广泛使用，用以指代公共广播系统，例如在火车站、机场和其他公共场所播放通知和广播。在这个语境下，'PA system' 是大家经常听到的词组。\n\n- 'PA' 也可被用作 'Personal Assistant' 的缩写，意思是 '私人助理'。'Personal Assistant' 是指那些协助其他人进行日常工作和事务的人员。","- The station manager announced the train's delay over the PA.（站台管理员通过 PA 系统宣布了列车的延误。）\n\n- She works as a PA to a company executive.（她担任公司高管的 PA。)","在此，'PA' 应无词根、词缀或历史文化背景的分析，因为它是一个缩写。","无","","对于 'PA' 的变形，由于它是一个缩写，所以它没有名词、动词、形容词或副词的变形。同样，'PA' 也没有固定搭配或组词。由于 'PA' 是一个合成的标准缩写，并无须进行","无","事务忙起来时，Ben 真希望他有一个 PA 来帮助他处理日常琐事。然后，火车延误的消息通过 PA 系统传来，使他的心情愈发焦躁。\n\n在忙碌的工作中，本真希望他有个私人助理（PA）来帮他处理日常琐事。而接着，火车延误的消息通过公共广播（PA）系统传来，让他感到更加不安。"
"aggregate","'Aggregate' 是一个英语单词，可以用作名词、形容词或动词。当它作为名词时，表示'总数'或'集合';当作形容词时，指'总的，整体的';作为动词时，意思是'总计，合计，聚集'.","- As an adjective:_ The aggregate amount of grants made was over $500,000.（整体的捐款额达到了 $500,000。）\n\n- As a noun:_ The total aggregate of money that he owed was around $50,000.（他欠的总金额大约为 $50,000。）\n\n- As a verb:_ We should aggregate the data from all sources to come up with a solution.（我们应该聚集所有来源的数据来找出一个解决方案。）","单词 'Aggregate' 的词根是来自拉丁语的 '-greg-,'，意思是'群，集合'.","前缀 'ad-' 意思是'去，至'. 所以 'Aggregate' 的字面意思是 '去向一群人'，或 '集合'.  \n\n来自同一个词根 '-greg-' 的其他单词有: segregate (区分，隔离)，congregate（集合），gregarious（群居的）。","'Aggregate' 这个单词来自中世纪拉丁语，最初是用来描述一个集合体、群体或一组事物的。现在这个词在英语中的用法已经扩大，可以用于描述任何形式的集合，从统计数据到石头的集合。","- Aggregation (名词): 聚集，集合, 决心.\n\n- Aggregated (动词过去式, 过去分词): 总计, 聚集.\n\n- Aggregating (现在分词): 总计正在进行中.\n\n- Aggregates (复数形式): 聚集体，总数（最常用于数据科学领域）.","'Aggregate' 这个单词你可以通过联想记忆法记住。'Aggre-'听起来像 'a group' （一个组）,'-gate' 可以想象成一个大门，所以 'aggregate' 可以理解为 'a group 群体通过 gate 大门'，意为聚集，汇总。","Annie loves collecting stamps. She always aggregates all the rare stamps in a special album. The aggregate amount of stamps she collected reaches thousands.  \n\n安妮热爱收集邮票。她总是把所有珍稀邮票整合在一个特别的相册中。她收集的邮票总数达到了上千枚。"
"directly","'Directly' 这个词在英语中主要用作副词，意味着“直接地，立即，马上”，有时候也可以表示“正好，正对着”。","- I went directly to the stadium after school.（我放学后直接去了体育场。）\n\n- She lives directly across the street from the supermarket.（她就住在超市的正对面。）\n\n- Can you come directly after work?（你能不能下班后直接过来？）","'Directly' 的词根是 'direct-'，它来自于拉丁语 'directus'，意为“直接的”，这个词由 'di-' （表示“分离”）和 'regere' （意为“让直，指引”）组成。","后缀 '-ly' 在这里是形容词变副词的常用后缀。","'Directly' 这个词在文化方面用来描述一种直截了当，不拐弯抹角的交流方式，它体现了西方社会中较为崇尚的公开，透明，效率优先的价值观。","- 直接形式 (Adjective)：direct  \n\n- 比较级：more direct  \n\n- 最高级：most direct","你可以将其与其他以 '-ly' 结尾的副词一起记忆，比如 'quickly'（快速地）、'quietly'（安静地）、'happily'（快乐地）。它们都具有相似的形式和功能，能够帮助你更加熟练地运用这些词汇。","Tom directly faced the challenges without hesitation. (Tom 毫不犹豫地直接面对挑战。)"
"imply","Implied 是一个动词，源自拉丁语 'implicare'，意为'折叠，在其中'， 在英语中，它表示'暗示，含蓄地表达'。","- His tone implied that he was really upset. (他的语气暗示他很生气。)\n\n- She implied in her speech that the project would cost more than planned. (她在演讲中暗示这个项目的成本会超过计划。)\n\n- The document implies this indirectly. (这份文件间接地暗示了这个。)","词根是 '-ply'，其来自拉丁语'plicare'，意为'折叠'。其他衍生出的词有：apply （应用），comply（遵从），reply（回复）等。","在 imply 这个单词里没有词缀。","'imply' 这个词在欧美文化中，经常被用于描述一种非直白但具有强烈信息的表达方式，如在商业谈判、诗歌、电影剧本等。","- 名词形式是 implication (含义，暗示);\n\n- 复数形式还是 implies；\n\n- 过去式、过去分词形式是 implied；\n\n- 现在分词形式是 implying。","对于记忆帮助，你可以想象在一个谈话中，有些话是直接说出来的，而有些话是暗含在言语之中。这就是 imply 的含义。","James was carefully implying that he needed help with the project, hoping his coworkers would take the hint.  \n\n(詹姆斯小心翼翼地暗示他需要项目的帮助，希望同事能够领会他的暗示。)"
"observer","观察者，也称为'structor Observer'，是一个英文词语，主要被用于形容一个观察、监视或者注视事物的人。该词词源源于拉丁文的 'observare' ， 意味着“遵循”或者“遵守”。","- He is an observer of human behaviors.（他是一个人类行为的观察者）\n\n- As a detached observer, she noted the changes in her family over the years.（作为一个疏离的观察者，她注意到了这些年里家里的变化。）\n\n- The police had an observer present to record the proceedings.（警方有一个观察员在场记录整个过程。）","Observer中的'ob-'是前缀，意思是‘towards‘，'-serve-' 是词根，意思是 'watch over, maintain'。这个词根和许多其他词有关联，如 conserve, reserve, observe, preserve, serve 等。","Observer中的‘-er’是后缀，表示'person who does something'，加在动词后面形成名词。其他相同词缀的单词包括：player (玩家), worker （工作者）, driver (驾驶员)。","“Observer' 在英语中的使用历史悠久。在中世纪时，这个词常用于描述那些负责确认公众活动遵循规定的人。今日，“observer' 常用于现代科学语境，用于描述从一个中立角度观察、研究的人。","Observer 的动词形式为 observe，意思为“观察，注视”，形容词为 observational，意思为“观察的，观察获得的”，反义词为 unobserved，意思为“未被注意到的，未被观察到的”。\n\n常见的固定搭配为“objective observer”，意为“客观的观察者”。","你可以通过可视化和关联记忆来帮助记忆这个单词。例如,将这个单词拆分为 'ob+'serve+'er' ，你可以将它想象成一个人（er）正在“积极”（ob）地为了“服务”（serve）而监视，这样子就很好记住这个单词了。","Every morning, Mr. Turner becomes an observer to the birds in the park.  \n\n(每天早晨，特纳先生都会成为公园里鸟类的观察者。)"
"rhetorical","'Rhetorical'是一个形容词，它的主要意思是“修辞的、演讲的”。当你说某事是“修辞的”，这通常意味着它被设计用来产生影响或印象，而不需要答案或行动。","- His question was rhetorical. He wasn't expecting an answer.(他的问题是修辞的，他并不期待任何答案。）\n\n- It's a rhetorical statement, not requiring any response.（这是一个修辞的陈述，不需要回应。)\n\n- He used a controversial rhetorical device to emphasize his point.(他使用了一种备受争议的修辞手法来强调他的观点。)","该词来源于拉丁语的'rhetor'，其词根'rhetor'来自古希腊语'rhetorikos'，意为'有关演讲者的'。其他由同样词根衍生出来的单词：\n\n- Rhetor（演讲者）\n\n- Rhetoric（修辞学）","'rhetor' 是词根，表示演讲者，'-ical' 是后缀，用来形成形容词。相同词缀的其他单词有：\n\n- Historical\n\n- Geographical","'Rhetorical'可追溯到古希腊，当时修辞被视为一种重要的艺术和通信技巧。在古希腊，修辞学是公民的主要教育组成部分。它的目标是用以说服和影响，包括政治演讲和法庭辩护中。","其形容词比较级和最高级分别是'more rhetorical'和'most rhetorical'，而其副词形式为'rhetorically'（修辞地、花言巧语地）。","将'rhetorical'与'rhetoric'（修辞学）联系起来，两者音节相似、意义相关，可以帮助记忆。","Tom's presentation was skillfully prepared. His rhetorical comments received applause. The audience was clearly impressed.  \n\n汤姆精心准备了演讲。他的修辞评论引来了掌声。观众明显被他深深打动。"
"vengeance","'Vengeance' is a noun that means punishment inflicted or retribution exacted for an injury or wrong. In simpler terms, it refers to revenge or getting back at someone for something they have done.\n\n\n\n例如，“Vengeance is mine.” 的意思是“报复由我来执行。”","- His face was contorted into a mask of vengeance.（他的脸扭曲成了一个复仇的面孔。）\n\n- He swore vengeance on everyone who opposed him.（他发誓要向所有反对他的人复仇。）\n\n- They believe in an old saying, 'Vengeance is a dish best served cold.（他们相信一句老话，“复仇最好凉着吃”。）","'Vengeance' comes from the Latin 'vindicta' which means revenge, derived from 'vindicare' which means to claim, to avenge.\n\nDerived words: vindicate (defend), vindication (justification)","'Vengeance' doesn't have a clear prefix or suffix. But the similar word 'avenge' has prefix a- which means on, in, into, to, etc.\n\nSimilar affix words: aside, acome, astir, awaken","Vengeance is a prevalent theme in literature and media as it is universally understood and has potent emotional appeal. It often arises from perceived injustice and the subsequent desire for retribution.","There's no inflection for the word vengeance as it's a noun. Expressions with 'vengeance':\n\n- with a vengeance: (phrase) with great force or enthusiasm.\n\n例如，“She attacked the task with a vengeance.” 的意思是“她充满了热情地投入到工作中。”","You can associate 'vengeance' with a scene from a movie or a story where a character seeks revenge.","There's a fire within her eyes, a quiet fierceness. The thirst for vengeance against the people who hurt her is evident. Yet her vengeance isn't cruel. It's justice.（在她的眼中有一种火焰，一种静态的狂烈。她对伤害她的人的复仇的渴望是明显的。然而，她的复仇并不是残忍的。它是公正的。）"
"Caroline","'Caroline'是一个常见的女性名字，起源于法语，Derived from the French version of Carolus or Charles, which means 'free man' or 'strong'. 许多人使用这个名字的同时记住它的美丽寓意。\n\n'Caroline'不是一个需要词根、### 词缀分析\n\n或者变形的词汇，因为它是一个专有名词。","- My sister's name is Caroline.（我的姐姐的名字叫卡罗琳。）\n\n- Caroline won the first prize in the painting competition.（卡罗琳在绘画比赛中赢得了一等奖。）\n\n- Caroline, could you pass me the salt, please?（卡罗琳，能把盐递给我吗？）","无","无","'Caroline'这个名字在许多西方国家都非常常见，受到了很多家庭的喜爱。此外，有很多历史人物和名人都叫做'Caroline'，比如前美国第一夫人卡罗琳·肯尼迪（Caroline Kennedy）。","无","你可以通过将'Caroline'与熟悉的人或者特定的事件关联起来，帮助记忆。例如，你可以将它与你的朋友、名人或者电视剧的人物关联，这样可以使你记忆更加深刻。","Once upon a time, a talented girl named Caroline lived in a small town. Her voice was sweet as a nightingale. / 曾经，有一个名叫卡罗琳的天才女孩住在一个小镇上，她的嗓音甜美如夜莺。"
"PM","1.  PM是“下午”或 “晚上”的缩写，来源于拉丁语的'Post Meridian'。当我们谈论时间时，AM（Ante Meridian）表示上午，在正午(12:00)之前的时间，而PM表示下午和晚上，在正午(12:00)之后的时间。\n\n2.  PM也可以作为'Private Message'或 'Personal Message'的缩写，在社交媒体和在线平台中PM一般被用来描述一对一的私密对话。","- The movie starts at 7 PM. 电影在晚上 7 点开始。\n\n- I will leave for the airport at 5 PM. 我将在下午5点离开去机场。\n\n- Could you please PM me the details? 你可以把详细信息发私信给我吗？","在这个词中，'P' 和 'M' 都不是词根或词缀，它们是独立词的首字母缩写。","无","- PM 作为下午或晚上的词义，来源于拉丁语 'Post Meridian'，meaning 'after midday'. 此表达法在全球都被广泛接受，用以24小时制的12小时制时间表示法。\n\n- 作为“私人信息”的缩写，PM在互联网文化影响下发展起来，特别是在社交媒体和在线平台广泛存在。","通常情况下，PM 不会用于固定搭配，但我们经常用时间点来与其搭配，比如 '5 PM'。","无论是理解为 'Post Meridian'(下午、晚上)或 'Private Message'(私人信息)，都可以通过首字母PM来联想和记忆。","As the clock ticked towards 6 PM, John decided to PM his friend to confirm their dinner plans. 对应的中文：当时钟走向下午6点，约翰决定给他的朋友发一条私人信息来确认他们的晚餐计划。"
"barn","'Barn' 一词在英语中是一个名词，意思是“谷仓”或“牲口棚”。这个词用于描述农场中的一种用于存储作物、农机械或家禽牲畜等的大型建筑。","- The farmer keeps his cows in the barn. 农民将他的牛关在谷仓里。\n\n- The barn was filled with hay for the winter. 冬天，谷仓被填满了干草。\n\n- Our barn's roof needs repairing. 我们谷仓的屋顶需要修理。","'Barn' 是一个古老的词，来源于古英语 'bereærn'，'bere' 意为'大麦'，而 'ærn' 意为'小屋，房子'。直接翻译就是“储存大麦的地方”。所以这个词没有特定的词根。","'Barn'无前后缀。一些相关的单词可能是'bar'（酒吧）和‘’earn‘’（挣得），尽管它们的含义与“barn”无关。","'Barn'是一个非常早期的英语词汇，“谷仓”这一词的意义在欧美农业社会中，代表了保存和丰收，是希望和未来的象征。","'barn'在语法上无变形，但是确有一些与其相关的词组和习语，例如'barn door'是一个习语，意为一件非常容易的事情; 'barn burner'意味着一场惊心动魄或激动人心的比赛。","'barn'可以联想到“bar”，因为他们在发音上有相似之处，而“n”字母可以想象成一把农场的铁锹。","One day, a little mouse made a cosy nest in a warm and grain-filled barn. It felt safe and well-fed all winter.  \n\n有一天，一只小老鼠在一个暖暖的、满是谷物的谷仓里做了个舒适的巢。它整个冬天都觉得安全和饱饭。"
"ditch","Ditch是英语中的一个常用词，意为沟渠，用作名词；也可以作为动词使用，意为丢弃、抛弃。","- 辛苦度日后，他选择在沟渠边的一棵树下休息。 (After a hard day's work, he chose to rest under a tree by a ditch.)\n\n- 我的自行车卡在一个沟渠里了。 (My bike is stuck in a ditch.)\n\n- 她决定抛弃这个没有希望的计划。 (She decided to ditch the hopeless plan.)","Ditch的词源在古英语中，Ditch 数据来源于 didd ，意味着沟渠。","Ditch 是一个由原始词根组成的单词，其本身没有前缀或后缀。","Ditch这个词语最早出现在中古英语中，原意是用工具挖掘。进而形成现在“沟渠”的意思，而作为动词则形成了“抛弃”的意思。","- 单复数：Ditch, Ditches\n\n- 动词：Ditch, Ditching, Ditched\n\n- 名词：Ditch","可以记忆Ditch的发音和动词含义是“抛弃”，联想到沟渠里的东西如果不用就可能被抛弃。","他驾车在乡间即兴旅行，因为注意到远处风景区，不小心把车开进了一个沟渠，还好及时上岸逃离。\n\n他在乡村开车旅行，因为注意到远处的风景，不小心把车开进了沟渠，幸好能及时跳出车而脱险。"
"inherent","'Inherent' 是一个形容词，表示的是一个内在的、固有的特质。如果我们说某种特性是固有于某个内容或人中的，那么这个特性就是本质的，无法分离的。","- Happiness is not inherent, it requires certain conditions to be fulfilled.（总的来说，无论是愉快还是忧虑，并非天生就有的，而是需要实现一定的条件。）\n\n- Creativity is inherent in human nature.（创新能力是人性的固有特质。）\n\n- There is always a certain amount of risk inherent in travelling.（旅行中在所难免会伴有某种风险。）","'Inherent' comes from the Latin word 'inherens', which means 'to stick within'.","The 'in-' prefix means 'in, into' and '-herens' is the root, related to sticking or attaching.","在欧美文化中，'inherent'经常被用来描述一些深入骨髓的事物或者特性，比如描述一个人的天生品质，或者一种事物固有的风险。","'Inherent' 是一个形容词，它没有名词或动词的变形。然而，我们可以使用其相关的词汇比如“inherently” (副词) 来描述某个动作带有固有的特征。","你可以通过联想来记住这个词。想象一下，“inherent” sounds like 'in here rent'. 你可以想象有些东西在你的头脑里租了一个固定的地方，那些东西就是固有的，无法改变的。","Jerry has an inherent love for music. His fingers danced on the piano keys, bringing forth melodies that were soothing to the heart.  \n\n杰瑞对音乐有一种固有的热爱。他的手指在钢琴键上舞动，带出的旋律抚慰人心。"
"occupy","'Occupy'是一个动词，意思是“占用，占据”，既可以用于指物理空间，也可以用于抽象事物，如时间、精力等。","- Many students occupy the library during finals week.(许多学生在期终考试周会占用图书馆。)\n\n- My work occupies a great deal of my time.(工作占据了我大部分的时间。)\n\n- The movement aimed to occupy public spaces to protest against economic inequality.(这个运动旨在占领公共场所以抗议经济不平等。)","'Occupy'来源于拉丁词 'occupare'，意为“抓住，占领”。","'Occupy'包括词根'-occup-'和动词后缀'-y'。 '-occup-'和occupation（职业）、preoccupation（全神贯注的事情）等词共享。","'Occupy'一词在 14 世纪从法语进入英语，最初的意思是“占领，占据”。在近几十年里，随着'Occupy Movement'等社会运动的兴起，其含义也逐渐拓展，也可以指“以抗议形式占据公共空间”。","- 名词形式: Occupation （占领，职业）\n\n- 副词形式: Occupationally （在职业上）\n\n- 形容词形式: Occupational （职业的）","根据其拉丁词源 'occupare' 可理解为 “抓住，占领”，易于记住。","John decided to occupy his summer vacation with a part-time job. The experience was far more rewarding than he expected.(约翰决定利用暑假去做一份兼职工作。结果收获远超过他的期望。)"
"scene","'Scene'是英文中的一个常见词。它有两个主要的含义：\n\n1.  指的是发生某事件或活动的地方或环境。如：'It's a scene of utter devastation.' 也就是说“这是个完全被破坏的地方”。\n\n2.  在电影、戏剧或书籍中指的是特定的事件或动作的一部分。如：'The opening scene of the film.' 意为“电影的开场”。      \n\n此外，它还有其他一些引申意义，需要结合语境具体理解。","- He returned to the scene of the accident. (他回到了事故发生地。)\n\n- There are some very violent scenes in the movie. (电影中有一些非常暴力的场景。)\n\n- Many tourists often gather to see the beautiful scene. (界美丽景色常常吸引众多游客驻足观看。）","'Scene'这个词来自于拉丁语词根'-sce-'，它主要含有“展示”或“显现”的意思。其他由这个词根衍生的单词还有： scenic （风景的）, scenery （风景）等。","'Scene'这个词没有词缀，是一个单独的词。","'scene'这个词是在14世纪时期从拉丁语直接借用过来的，最初主要用于戏剧和艺术领域，用来描述一段戏剧或一张画的鲜明画面或情境。\n\n\n\n如今，'scene'已经广泛用于多种语境和情境中，且因其形象性强大，容易产生视觉和情感上的共鸣，被多次用于影视作品的命名、歌曲的歌词以及广告宣传等。","'Scene'的复数形式是'scenes' (诸如“我看过多部电影，我看过很多场景”). 没有名词、动词、形容词和副词等的变形。","可以通过联想记忆法来记忆'scene'，比如想象一个你最喜欢的电影的情景(scene)，再联想到这个单词。","He stood still, staring at the scene. It was full of childhood memories, with old friends and bursts of laughter echoing in the wind.\n\n他站着不动，凝视着眼前的景色。那里充满了儿时的记忆，旧友的身影和笑声在风中回荡。"
"whisker","Whisker 这个单词在英文中有两个主要的含义。第一个是动物，尤其是猫的须或感觉器；第二个是一种细长的物品或者极细的细线。","- The cat's whiskers twitched as it sensed a movement.（这只猫的胡须因感觉到一丝动静而抖动。）\n\n- He found a whisker-thin wire in the device.（他在设备中找到一根细如鬓须的线。）\n\n- This dial is accurate to a whisker.（这个刻度盘可以精确到一毫米。）","这个单词的词根来源于英语中的“whisk”，它有快速刷过或者移动之意。Whisker实际上便是表达了这一点——动物的鬓须或者细线几乎可以快速地挥动。","Whisker没有明确的词缀，但是-suffix是动名词后缀，表示行为者。因此，我们可以看到，whisker的用法与其词根“whisk”的动名词形式相似。","Whisker这个单词在英格兰中世纪开始用作表示男子胡须的术语，今天我们更常见的用法是用它来表示动物的胡须。","Whisker的名词复数形式是whiskers。作为动词，它通常不会发生变形。固定搭配一般会与动词配合使用，比如，a whisker away，意为几乎靠近或差一点。","记住它的一个方法是，想象一只猫摇动它灵敏的胡须，或者一个人在使用极细的线进行精细的工作。","In the gloom of the alley, the black cat's whiskers twitched. It sensed danger, but it was a whisker away from a hiding place.  \n\n(在阴暗的小巷里，黑猫的胡须抖动了一下。它感觉到了危险，但它离藏身之处只差一点点。)"
"Danish","Danish 通常用于指 '丹麦的' 或 '丹麦人'，也可以用来形容丹麦的语言、文化等。还作为名词，用作描述源自丹麦的点心或糕点，如'丹麦酥皮点心'。","- This is a Danish design.（这是丹麦设计。）\n\n- Peter is Danish.（彼得是丹麦人。）\n\n- My morning always starts with a cup of coffee and a Danish.（我每天早晨都会喝一杯咖啡，吃一个丹麦点心来开始新的一天。）","Danish 直接来自于英语中表示国籍和语言的派生后缀 -ish，丹麦在英语中叫 Denmark，所以丹麦的东西和丹麦人就是 Danish。","在单词 Danish 中，Dan- 是单词基部，表示“丹麦”，-ish 是后缀，用于形成形容词，通常表示“…的”。","该词代表了丹麦这个国家的语言、文化、人民等。同时作为一种食品类型，这可能是由于19世纪末，丹麦的面点师傅们在法国学习技艺后带回家乡，并掀起风潮。","- 单复数：Danish 无复数形式  \n\n- 动词：无动词形式  \n\n- 形容词：Danish（丹麦的）  \n\n- 名词：the Danish（丹麦语）","通过与‘丹麦设计’‘丹麦点心’等生动场景联系，可以方便记住这个单词。","Bella loves to have a Danish and a cup of coffee for breakfast. Everyone in the office knows her habit and appreciates the smell of Danish in the morning.\n\n贝拉喜欢早餐时吃丹麦点心，配一杯咖啡。办公室里的每一个人都知道她的习惯，并且都喜欢早晨丹麦点心的香味。"
"Pam","'Pam' 最常见的用法是做为女性名字，它是'Pamela'的简称。","- Pam is a lovely lady. (Pam是一个可爱的女士。)  \n\n- Pam's favorite color is red. (Pam最喜欢的颜色是红色。)  \n\n- Pam and I went to the same college. (Pam和我去了同一所大学。)","'Pam' 没有特定的词根，因为它主要作为一个名字。","'Pam' 没有词缀，它是一个完整的单词。","'Pam' 作为'Pamela' 的简称，在英美文化中很常见。'Pamela' 一词在希腊语中意为'全为蜜糖' 或 '所有的甜'，这常常传达了对持有此名字者具有甜美的人格和善良的性格的期望。","作为一个专有名词， 'Pam'没有特定的变形。","由于'Pam'主要是人名，一种有效的记忆方式可能是将它关联到某个你熟知的名叫Pam的人，或者一个著名的公众人物，比如美国的电视剧《办公室》中的角色Pam。","'Pam lives with her cat, Missy, in a small house near the ocean. Every morning, Pam likes to walk along the beach with a cup of coffee.' (Pam和她的猫Missy，住在大海旁边的一座小房子里。每天早晨，Pam喜欢带着一杯咖啡在海滩上散步。)"
"bolt","'Bolt' 是一个多义词，其主要两个含义为：'斩钉截铁地离开或逃跑'和'一根长而直的金属棒，通常用于固定或固定物品'。它还可用于指'一束（如闪电）'。","- As a verb: 'As soon as the teacher walked in, he bolted out of the room.'（一看到老师走进来，他就冲出了房间。）\n\n- As a noun: 'We need a bolt to secure this structure.'（我们需要一根螺栓来固定这个结构。）\n\n- As another noun: 'A bolt of lightning lit up the sky.'（一道闪电照亮了天空。）","'Bolt'的词根来自于古英语'b bolt'，意为“短箭”。","'Bolt'是一个单词，没有前缀或后缀。它的形容词形式是'bolted'，副词形式是'boltly'。","'Bolt'出现在古英语中，指金属条或箭。除了这些实际含义外，它也常常被用于形容快速逃跑的动作。","- 名词：Bolt（螺栓）\n\n- 动词：Bolt（猛冲）; Bolted（猛冲过去）\n\n- 形容词：Bolted（锁住的）","你可以通过'螺栓（bolt）'的形象来记忆它，例如，'他像一根被射出的螺栓（bolt）一样跑出了房间'。","'One day, Tim was trying to fix a chair. He needed a bolt to tighten it. Suddenly, a bolt of lightning struck outside, startling him, and he bolted out of the room.'（有一天，提姆试图修理一把椅子。他需要一个螺栓来紧固它。突然，外面闪电打下，吓到了他，他立即冲出了房间。）"
"elect","'Elect'是一个动词，主要含义是选择或选举。该词常用在政治语境中，表达选民通过投票来选出合适的代表或候选人。","- He was elected as mayor of the city.（他被选为市长。）\n\n- I elect to take the early retirement option.（我选择提前退休。）\n\n- They have been elected to the board of directors.（他们已被选为董事会成员。）","'Elect'主要包含两部分：词根和前缀。其词根 'lect' 来自拉丁文 'legere'，意为'选择'。","'Elect'没有词缀。该单词属于三音节单词，词根为“lect”。","'Elect'源自拉丁语中的'eligere'的过去分词'electus'，意为'挑选出来的'。这个词一直沿用至今，在政治和社会生活中扮演重要角色，表示通过公众投票来选择代表或决定事项。","'Elect' 可以作为形容词，表示被选出的。如: President-elect（当选总统）","为了记住 'elect', 你可以将其关联到 'election'（选举）这个词来帮助记忆，或者思考自己的'选举' (elections) 经历。","Mark hoped to one day be elected as class president. Therefore, he worked extra hard to prove his capabilities.（马克希望有一天能当选为班长。因此，他特别努力地证明自己的能力。）"
"insulation","'Insulation' 是一个名词，它有两个主要的含义：一是在物理科学中，它表示一种避免能源流失或防止热量、电、声音的传递的材料或设备；而二是，在较为广义的意思中，它可被理解为任何形式的屏障或保护。","- The attic was thick with insulation to keep the house warm. (阁楼厚厚的保温层，使房屋保持温暖。)\n\n- To prevent a short circuit, the wires have to be wrapped in insulation. (为了防止短路，电线需要被裹在绝缘层中。)\n\n- Insulation from the realities of mass unemployment was provided by a weekly government check. (每周政府的救济金，为大众失业的现实提供了一层保护。)","'Insulation' 的词根来源于拉丁词 'insula'，意为'岛屿'，由此衍生出的含义是'使成为岛屿'或'孤立'，于是在科学中被用来指'隔绝'或'绝缘'。","单词 'insulation' 的后缀 '-tion' 表示行为或结果，前缀 'in-'，在此表示'使进入'，“使成为”。","'insula' 在中世纪拉丁语中被引申至'隔绝'或'孤立'的含义，进一步在现代英语中表示'绝缘'或'保温'。","- 名词：Insulation (绝缘，保温)\n\n- 动词：Insulate (隔热, 隔音, 绝缘)","可以用 'in + sula (sounds like 'island')' 来记，寓意'像岛一样，不与外界相连'，就能记住它的'绝缘，隔绝'的含义。","The tiny island seemed to have an invisible insulation, preventing the icy chill from creeping in yet allowing the warm sun rays to stay.(这个小岛仿佛有一层无形的绝缘层，阻止寒冷侵入却使得温暖的阳光得以留存。)  \n\n（这个小岛仿佛有一层无形的绝缘层，阻止了寒冷的侵入，却让温暖的阳光停留下来。）"
"ore","'Ore'的主要含义是矿石，通常指的是含有大量金属的岩石，人们可以从中提取并利用其中的金属。","- Iron ore is used to make steel.（铁矿石用来制造钢铁。）\n\n- Gold ore is often found in quartz veins.（金矿石通常在石英脉中找到。）\n\n- The mountainous region is rich in ore deposits.（这个山区富含矿藏。）","词根及词缀方面，'ore'并无特别之处，它自身就是一个完整的单词。","无","'Ore'这个词在英语中的使用源自奥德英语的'ār'，意为'未冶炼的金属'，而这个词再往前可以追溯到原始日耳曼语。","此外，“ore”没有标准的名词单复数之分，也没有动词、形容词、副词等变形。但有一些常见的固定搭配，比如'ore deposit'（矿石沉积），'ore body'（矿体）。","一种有效的记忆方法是将“ore”和“more”联系起来，这可以帮助你快速记住它。","Once upon a time, a miner discovered a shiny ore deep in the mountain. It was gold ore! Excited, he mined as much as he could, and eventually became rich. He used his newfound wealth to improve the lives of everyone in his village.（从前，一个矿工在山脉深处发现了一个闪亮的矿石。那是金矿石！他兴奋地尽可能多地开采，最后变得非常富有。他用新发现的财富改善了村里所有人的生活。）"
"scold","'Scold' 是一个动词，主要意思是斥责，训斥，批评，通常是因为某人做了什么不对或犯了错误。比如，一个孩子如果没有完成家庭作业，父母会 'scold' 他。","- 打破玻璃杯后，她受到妈妈的指责。(After breaking the glass cup, she was scolded by her mother.)\n\n- 老师谴责他因为他迟到了。(The teacher scolded him for being late.)\n\n- 你不能总是批评你的员工。(You cannot always scold your employees.)","'Scold'的词源和历史仍然存有争议，它可能源自古英语中的 'scuvan'，意为 '忍受痛苦'。没有直接的词根和词缀。","无","'Scold'的使用可以追溯到14世纪中叶的英格兰，当时它是用来指责或口头攻击他人的。它的使用在社会和家庭场合都很常见。","'Scold' 作为动词运用时，其现在分词形式为 'scolding'，过去式和过去分词分别为 'scolded'。例如，'She is scolding her son for his mistakes.' 意为，“她正在因为他的错误责备儿子”。 'She scolded her son for his mistakes.' 意为，“她因为他的错误责备了儿子”。","记住 'scold' 这个单词，你可以想象一个情境：在学校，一个男孩因为在课堂上做恶作剧而被老师'scold'（斥责）。","In the library, a boy speaks loudly. The librarian comes over and scolds him, 'Keep quiet! This is a library. (在图书馆里，一个男孩大声说话。图书管理员走过来责备他说，“保持安静！这是图书馆。”)"
"wring","'wring' 是一个英语动词，主要有两个含义。一是'扭，挤，榨'，比如用力地把湿的衣服扭干。二是'痛苦地获取，硬从别人那里得到'，比如 wring a confession(逼供)，这个含义比较抽象，常用于口语。","- I had to wring my clothes dry after being caught in the rain.(雨中淋湿后，我不得不把我的衣服拧干。)\n\n- The detective wrung a confession out of the suspect.(侦探从嫌疑犯那里逼出了供词。)\n\n- They are trying to wring more work out of the employees.(他们试图从员工那里榨取更多的工作。)","可能衍生自古英语的 'wringan'，意为'扭曲'。","'wr-' 是一个常见的词顶，比如 write (写)，wrong (错误)，wrist (手腕)，等等。","无","'wring' 是一个常规动词，其形式变化为：wring - wrung - wrung。","关于记忆，可以将 'wring' 与其同义词 'twist' 对比记忆，然后通过常用短语概念 'wring out'(挤干)和'wring from'(从...中榨取)来记。","Despite the heavy rain, John did not stop. He had to finish the marathon. He wrung his clothes dry, and then continued to move forward.  \n\n尽管大雨滂沱，约翰并未停下。他必须完成马拉松。他拧干了自己的衣服，然后继续向前走。"
"Futuroscope","'Futuroscope' 是法国城市波沿特（Poitiers）附近的一处科技主题公园的名字。这个词是由'Future'和'Scope'两个单词组合而成的，'Future'意为未来，而'Scope'有观察、视域的意思。所以'Futuroscope' 的字面意思可以理解为'未来观察所'或'探寻未来的地方'。","- I went to the Futuroscope, and the scientific attractions there were very interesting.（我去了未来影城，那里的科技娱乐项目非常有趣。）\n\n- Futuroscope theme park is one of the tourist attractions in France.（未来影城主题公园是法国的旅游景点之一。）\n\n- The 3D movies at Futuroscope are fascinating.（未来影城的3D电影非常棒。）","由于 Futuroscope 是由两个英文单词组合而成的，所以它并没有特定的词根。","又因为Futuroscope是个专有名词，没有特定的前后缀。","Futuroscope主题公园是在1987年开放，是世界上第一个利用现代影像(立体电影)技术的娱乐公园。","这个单词没有特别的变形或者搭配，是一个固定的词组。","记忆技巧: 分解单词为'future' 和 'scope'，一个代表'未来'，一个有'视野'或者'观察'的意思，联想到去一个地方看到未来的科技成果。","When I stepped into Futuroscope, I felt like being teleported into the future. Everywhere were exciting advances in technology showcasing. It was a fascinating adventure.(当我踏入未来影城的时候，我感觉好像被传送到了未来。到处都是展示的令人兴奋的科技成果。这是一次令人着迷的冒险。)"
"Picasso","Picasso这个名字来自于二十世纪最有影响力的画家之一Pablo Picasso（巴勃罗·毕加索)。他不仅是画家，也是雕塑家，版画家，陶瓷艺术家，舞台设计师和诗人。此词源为Spanish人名。\n\n'Picasso'主要被用作专有名词，通常指代特定的艺术作品的创作者或艺术作品本身。它也用作metonymy指代现代艺术的象征或概念。","- There are several Picasso paintings in the museum. (博物馆里有几幅毕加索的画作。)\n\n- The Picasso was auctioned off for thirty million dollars. (这幅毕加索的作品被拍卖出了三千万美元。)\n\n- Picasso's Blue Period was a time of artistic exploration for the painter. (毕加索的“蓝色时期”是这位画家进行艺术探索的一段时间。)","无","无","Picasso对于20世纪的艺术发展产生了深远影响，他尤其以创立立体主义绘画而闻名。他的作品深深地打破了传统，从一般的误认为只有冷漠的艺术才是真正的艺术的观念中解放出来，迈向了现代艺术。","无","由于'Picasso'指向的是一个人名，因此记住它的最好方法可能就是通过欣赏Picasso的艺术作品，并了解他的生活和背景。","Picasso sat in his studio, gazing at the blank canvas. A sudden burst of inspiration flooded him as he set about his newest masterpiece. His brush danced across the canvas as Picasso's Blue Period began.  \n\n(毕加索坐在工作室里，凝视着空白的画布。当他开始他的新作品时，灵感如泉涌突然涌到他心头。他的画笔在画布上轻轻飘舞，毕加索的“蓝色时期”开始了。)"
"breakthrough","'Breakthrough'在英文中是一个名词，意味着实现重大突破或者获得重大进展，在科技，医学，个人成就等各个领域都可以使用。","- We've made a major breakthrough in our negotiations.（我们在谈判中取得了重大突破。）\n\n- The scientist won a Nobel Prize for his breakthrough in cancer research.（这位科学家因其在癌症研究中的突破性成就获得了诺贝尔奖。）\n\n- Her breakthrough role was in a romantic movie.（她的突破角色是在一部浪漫电影中。）","'Breakthrough'由两部分构成：“break”和“through”。'Break'意味着“打破”，'through'意味着“穿过”，合起来就是“打破某种障碍并突破出来”。","'Breakthrough'是一个组合词，没有词缀。由'break'和'through'简单合并而成。","'Breakthrough'这个词首次在英文中出现是在1917年，最初用于描述军事上的突破。后来其含义逐渐转化，用于形容科学，医学，心理学等领域的重大进展。","'Breakthrough'一词没有相应的动词形式或其他名词形式。其对应的动词或形容词是'break through'，表达的是突破某种限制或障碍的过程。","你可以将'breakthrough'想象成一面透明的壁垒，你用力打破它，突破过去，达到了新的领域。这种画面感的联想，会帮助你记住这个词的含义。","John was a struggling painter. One day, he decided to break away from traditional styles and developed a unique abstract style. This became his breakthrough; his paintings were recognized worldwide.  \n\n约翰是一个挣扎的画家。一天，他决定摆脱传统风格，发展出一种独特的抽象风格。这成为了他的突破；他的画在全球得到了认可。"
"exquisite","“exquisite”是一个形容词，用来描述某个对象（包括人和事物）极其精致，优美，优雅或它们极其高超，精巧。","- The chef prepared an exquisite meal.（厨师烹饪了一顿精致的饭菜。）\n\n- She wore an exquisite dress to the party.（她穿了一件极其精美的裙子参加派对。）\n\n- The artist's work is exquisite in detail.（艺术家的作品在细节上非常精致。）","“exquisite”来源于拉丁语'exquisitus'，由'ex-'和'-quisitus'组成，'ex-'意为“从...出来”，'-quisitus'是'quaerere'的过去分词，意为“寻求”，综合起来就是“寻求出来的”，用以形容某事物的精致。","前缀'ex-'表示“从...出来”，词根'-quisite'表示“寻找”。","单词“exquisite”首次出现在15世纪，原意是被严格测试过或仔细挑选过的。现在我们用它来形容一种精度和庄重的美。","'Exquisitely'是副词形式，中文为“精致地”或“极好地”。例如:'The room was exquisitely decorated.'（房间装饰的恰到好处。）\n\n'Exquisiteness'是名词形式，中文为'精致'、'独特'、'优雅'。例如:'The exquisiteness of the sculpture is undeniable.'（雕塑的优雅精致不容否定。）","想象一件精致的艺术品，例如一串手工制作的项链，每个小珠子都需要'ex-'（出去）'quisite'（寻找），从而形成一件'exquisite'（精美）的艺术品。","'The jeweler crafted an exquisite necklace with such detail, it was as if stars were plucked from the night sky to adorn it.'（珠宝商精心打造了一条精致的项链，每个细节都被处理的有如夜空中被拔下的星星一般，用以装饰它。）"
"look","「Look」此單詞，常用作動詞或名詞，最常見的意思是「看」或者「看上去」。動詞形式時，表示試圖看到或者注意到某物；名詞形式時，則表示一種表達或者風格。","- Please look at the blackboard. (請看黑板。)\n\n- She has the look of a movie star. (她有電影明星的風采。)\n\n- It looks like it's going to rain. (看起來要下雨了。)","'Look'來自於中古英語的詞彙「loken」，意為觀看或者眺望。","'Look'是一個獨立單詞，沒有前後綴。","「Look」源於中古英語的「loken」，和現代英語中的「gaze」，都代表「盡量地看」的意思。從文化角度來看，這個詞表現了英語語言獨特的思維方式，即更加注重個體的觀察和發現。","- 名詞單數形式：look  \n\n- 名詞複數形式：looks  \n\n- 動詞一般現在時：look  \n\n- 動詞一般過去時：looked  \n\n- 動詞一般將來時：will look  \n\n- 形容詞：lookable  \n\n- 副詞：lookingly","「Look」與「book」韻，可以想象自己在看书时，用'Look'于'Book'这样的句子来增强记忆。","Tom was always told to look before he leaps. One day, he saw a vast blue lake in front of him. Taking a careful look, he jumped in and found a treasure.  \n\n湯姆常被告诫要三思而后行。一天，他看到了一个蔚蓝色的大湖。仔细看过后，他跳了进去，发现了一件宝藏。"
"ounce","'Ounce' 是一个英文单词，主要用作名词，有两种基本含义，一是表示'盎司'，用于度量质量的单位，在我们日常生活和一些科学实验中常常会用到；二是用于表示一种很小的量，比如“一点儿”。","- He bought an ounce of gold. (他买了一盎司的黄金。)\n\n- I don't have an ounce of energy left. (我一点能量都没有剩下。)\n\n- She doesn't seem to have an ounce of sympathy. (她似乎没有丝毫同情心。 )","'Ounce' 这个词的词根来自于拉丁语 “uncia”，意思是 'the twelfth part' （十二的一部分），表明在罗马时期，一磅被分为了十二个部分，每一部分就是 'uncia'。","此单词没有前缀或后缀。","这个词的起源可以追溯到古罗马时代，当时的一种度量单位uncia被用到现在，后经过语言演变最终形成了现在的'ounce'。","作为名词，'ounce'的复数形式是'ounces'。","你可以把 'ounce'和'盎司'的发音相联系，作为记忆的一个技巧。","Tim needed just one more ounce of flour to complete his cake recipe. Without it, his cake wouldn't be perfect. (Tim只需要再多一盎司的面粉就能完成他的蛋糕配方。没有它，他的蛋糕就不能完美了。)"
"shake","'Shake' 是一个非常常用的英语词汇，主要有两种含义。第一种是作为动词，表示“摇动”或“挥舞”，用于描述物体的快速且短暂地来回移动。第二种是作为名词，表示“摇动”的动作，或者是一种流行的冷饮（milk shake）。","- She began to shake with fear. (她开始因恐惧而颤抖。)\n\n- He shake the bottle before he opened it. (他打开瓶子前先摇了摇。)\n\n- Let's grab a milk shake at the new cafe. (咱们去新开的咖啡店喝杯奶昔吧。)","'Shake' 的词根来源于古英语的 'scacan'，意为“震动”。其他有相同词根的词有 'shaky' （摇晃的，不稳定的）、'shakeup' 对于生活或组织的重大改变）。","'Shake' 没有前缀和后缀，它是一个基本的词根。","'Shake' 的使用从古英语一直延续到现在，其表达“震动”或“摇动”的含义已经深深地根植在英语的语言和文化之中。","'Shake' 做为动词，其过去式和过去分词形式为 'shook' 和 'shaken'。如：\n\n- He shook his head. (他摇了摇头。)\n\n- The ground had been shaken by the earthquake. (地面被地震摇动过。)","想象一个场景，当你冷的时候，你会不自主地'shake'（颤抖）。或者，你在喝你最爱的 'milkshake'时，你需要先'shake'（摇）它。","Jenny held her new snow globe, gave it a good shake, and watched as the faux snow whirled around the miniature cityscape. It was mesmerizing.\n\n杰妮拿着她的新雪花球，用力摇了摇，看着假雪在微型城市景观中飞舞。它令人着迷。"
"Georgetown","'Georgetown'是以英文来称呼的地名，这个名字出现多次在世界各地，最著名的可能是位于华盛顿D.C的乔治城，这里是一个知名的历史文化区，有许多历史建筑，商店，餐厅，以及乔治城大学。在马来西亚也有著名的乔治城，这是一个历史悠久且具有世界文化遗产地位的城市。","- I visited Georgetown University during my trip to Washington D.C.(我在华盛顿D.C的旅行中参观了乔治城大学)\n\n- Georgetown in Malaysia is known for its British colonial buildings and Chinese shophouses. (马来西亚的乔治城因其英国殖民建筑和华人商厦而知名。)\n\n- We wandered around Georgetown's historic district during our vacation.(我们在假期中在乔治城的历史区荡漾。)","'George'原为人名，古时起源于希腊语georgos（地皮工人），'town' 的词源来自于古英语'tun' （围场，聚居地）。","","乔治城的名字通常源于世界各地的历史因素，例如在华盛顿D.C，乔治城的名字来自于英国的国王乔治二世；而在马来西亚，则是为了纪念英国国王乔治三世。","作为地名，“Georgetown”并无### 单词变形\n\n或组词。不过'George'和'town'各自可以和其他词语组合形成新的单词，例如'Georges' 'George's' 'township' 'downtown'等。","由于'Georgetown'的常见性，您可以通过记忆著名城市或地标来记住这个名字。例如，想起乔治城大学可以帮助您记住这个名字。","Last summer, I went to Georgetown, Washington D.C. The classic bricks and cobblestone streets stole my heart. It was like stepping into a different era. (去年夏天，我出游到华盛顿D.C的乔治城。那些古老的砖石和鹅卵石街道令我为之倾心。仿佛我踏入了另一个时代。)"
"SAP","SAP 是一个专有名词，全名为 'Systems, Applications & Products in Data Processing'，其用途非常广泛，主要用于企业资源规划 (ERP)。","- Our company uses SAP software.（我们公司使用SAP软件。）\n\n- The operation of SAP software is a bit complicated and requires professional training.（SAP软件的操作有些复杂，需要专业培训。）\n\n- With SAP, our enterprise resource management has become more efficient.（有了SAP，我们的企业资源管理变得更高效了。）","SAP 并不是一个英文词根，而是一个缩写。","SAP ，全称为 Systems, Applications & Products in Data Processing，这个单词本身没有前缀或后缀。","SAP AG 是德国一家在全球运营的企业，专门从事研发和推广ERP系统，是全球最大的业务管理和协同合作软件供应商之一。","SAP 为专有名词，无其他形式变化。","你可以将SAP记忆为：System Application Product，意为“系统应用产品”，从而更容易记住SAP的具体的含义。","'John worked in a manufacturing company. One day, the company decided to use SAP software to help manage their workflow. John, with other team members, received intensive training on how to use SAP because it can optimize their work process, making it more efficient.'  \n\n（约翰在一个制造公司工作。有一天，公司决定使用SAP软件来帮助管理他们的工作流程。约翰与其他团队成员一起，接受了如何使用SAP的强化培训，因为它可以优化他们的工作流程，使之更高效。）"
"bungalow","'Bungalow' 是一个来自南亚的英语词汇，用于形容一种平单层的住宅，通常包含一个阁楼。这是一个类型的建筑风格，在全球的许多地方都很流行。","- They bought a small bungalow near the beach. (他们买了一座靠近海滩的小平房。)\n\n- The bungalow style house is particularly popular in the countryside. (平房风格的房屋在乡村地区特别受欢迎。)\n\n- She lives in a white bungalow which has a beautiful garden. (她住在一座有美丽花园的白色平房里。)","假如我们要分析“bungalow”的词根，我们实际上要回到词的 बंगला 原始印地语词，意为“属于孟加拉的”，最初描述一种独特的孟加拉式房屋。","'bungalow'与词缀关系不大，因为它的形态并没有通过词缀的添加或删除而改变。","Bungalow这个词来自印度语词汇，意为“孟加拉的”，最初用来形容一种特有的存在于孟加拉地区的住宅类型。在19世纪的英帝国主义时期，随着英国人在印度的活动，这种单层小屋的风格被引入到了英国，以及全世界的其他地方。","'bungalow' 是一个名词，所以它没有动词、形容词和副词形式。它的复数形式是 'bungalows'。（平房的复数形式是平房。）\n\n词组包括: detached bungalow (独立平房)， semi-detached bungalow（半独立式平房）","想象你在一个美丽的海滩上，你的眼前是一座别致的小平房（bungalow）。","John loved his seaside bungalow. Every morning, he woke up to the sound of waves and seagulls. Life was perfect in this small, but beautiful, bungalow by the sea.(约翰喜欢他的海滨平房。每天早上，他都会被海浪和海鸥的声音唤醒。在这个小而美丽的海边平房里，生活就是如此完美。)"
"fade","Fade是一个动词，其基本意思就是“逐渐消失”或“褪色”。","- The sun faded into the horizon. 太阳逐渐消失在地平线以下。\n\n- The colors of the clothes faded after several washes. 衣服的颜色经过几次洗涤后褪了色。\n\n- Her smile fades as she reads the letter. 当她读到这封信时，她的笑容逐渐消失。","Fade来源于中古英语的'fadian'，意为“失去光泽或鲜艳”。","Fade没有词缀；整词就是一个词根。","'Fade'的来源可能是斯堪的纳维亚语系，具有褪色或漂白的意义。在美式英语中，“fade”还有在社交媒体视觉元素中逐渐减少或消失的特殊含义，如：“fade out”。","- 名词：fading ，意为“逐渐消失”，例如： The fading of her hope filled her with despair. 希望的消失让她充满了绝望。\n\n- 形容词: faded，意为“褪色的，旧的”，例如： You could clearly see the picture had faded. 你可以清楚地看到这幅画已经褪色了。","你可以联想到所有你知道的颜色，然后再想象它们逐渐“fade”（褪色）成越来越淡的，直到最后消失，这样就能在脑海里脑形成一幅图画，而这幅图画就能帮助你记住这个单词以及它的意思。","In an old town, Sarah found a faded picture. It was a beautiful landscape painting. As Sarah held the picture up to the light, a smile spread across her face.\n\n在一个古老的小镇，萨拉发现了一幅褪色的画。那是一幅美丽的风景画。当萨拉把画举向光线，她的脸上顿时露出了微笑。"
"march","'March'作为名词用法时，主要有两个含义，一是指'三月'，二是指'行军'或者'游行'。作为动词，它的意思是'行走'或者'行进'。","- I visited Tokyo in March. (我在三月份访问了东京。)  \n\n- They marched through the city to protest against the cuts. (他们游行穿过全城，对削减预算表示抗议。)  \n\n- The soldiers were marching to the beat. (士兵们按着节拍行走。)","'March'来自于拉丁词'Martius'，是指火星神“Mars”，它因为三月是罗马历年的开始，也就是战争开始的时间，所以用战神来命名。","“March”给出的是原词形态，没有过多的词缀前后缀形态。","'March'最早可以追溯到公元前8世纪时的罗马历，最开始十二个月份都有名字，而'Martius'就是其中之一。罗马历十个月制中，“Martius”是第一月，因此被视为元旦或新的一年的开始。","过去式和过去分词形式：'marched'  \n\n现在进行时：'marching'  \n\n常见的固定搭配有：“march to the beat”（按照节拍前进）","把“March”和“三月”、“行走”、“行军”在脑海中形象地联接起来，比如设想一支军队在三月的清晨出发，整齐划一地行军。","Tom decided to go on a march for peace in his city during March. Despite the cold weather, the warmth in his heart kept him moving forwards.(汤姆决定在三月的时候为他的城市的和平进行游行。尽管天气很冷，但他心中的热情让他继续前行。)"
"plunder","'Plunder' 是一个动词，意思是抢劫，掠夺。从更广泛的意义上说，它可以用来表示采集或获取大量的东西，尤其是以不公正而又敏捷的方式。","- The thieves plundered the village of all its valuable items. (强盗们将村子里所有珍贵的物品都掠夺了。)\n\n- During the war, it was common for soldiers to plunder from civilians. (在战争中，士兵们通常会掠夺平民。)\n\n- The corporate leader was accused of plundering the company's resources. (公司领导被指控掠夺公司的资源。)","英语单词 'plunder' 是由德语词汇 'plündern' 演变而来。","'Plunder' 是个单根词，没有词缀。","该词于1630年左右被移植到英语中，取自德文 'plündern' (抢夺)，在近代英语中有时会用此词来描述非法，不公正的获取财物行为。","- 名词形式：plunder, plunders, plunderer, plunderers（抢劫者）\n\n- 动词形式：plundered, plundering (正在掠夺)","'plunder' 的读音类似于 '扑噜的'，你可以想象成抢劫者'扑噜的'一下手快把物品都掠夺走。这种联想法可以帮助你记忆这个词。","Once a king sent his troops to plunder a peaceful village. They took all the valuable things they could find. It was a sad day for the villagers. (曾经，国王派遣军队去掠夺一个平静的村庄。他们拿走了能找到的所有有价值的东西。对村民们来说，那是个悲哀的日子)。"
"slip","'Slip'是一个非常常用的英语单词，具有多种含义和用法。它既可以作为动词，也可以作为名词。作为动词的时候，它的一般含义是“滑动，滑倒”，“悄悄地移动”，或者“犯错误”。作为名词，它可以表示“滑倒”，“小错误”，或是“纸片”。","- Be careful not to slip on the icy sidewalk.(小心不要在结冰的人行道上滑倒。)\n\n- The spy slipped into the night, unnoticed.(那个间谍悄然无踪地溜进了夜晚。)\n\n- He let his true feelings slip during the conversation.(他在谈话中无意中显露出了真实的感情。)","'Slip'是一个没有词根的英语单词，也就是说，它自身就是一个词根。","与'slip'相关的词缀主要是它的后缀，诸如-slipped, -slipping等，这些都是'slip'的### 单词变形。","'Slip'这个词在英语中的使用追溯到公元前7世纪，源自古英语'slippen'，意思是滑动或滑落。此后，“slip”的意义逐渐演变，包括悄悄移动或犯错的含义。","- 名词：slip, slips\n\n- 动词： slips, slipped, slipping\n\n- 副词 / 形容词：（单、复数形式） slips\n\n- 固定搭配：let something slip (无意地说漏嘴), give someone the slip (摆脱某人)","你可以记住'slip'和'slide'都有“滑”的含义，并且它们都以's'开头，用以帮助记忆。","One winter evening, a boy wanted to slip out for a snowball fight. He was so excited that he didn't notice the icy steps and had a slip, dropping his mittens. Yet, his mischievous smile never slipped away.（一个冬天的晚上，一个男孩想要偷偷溜出去打雪仗。他兴奋得没有注意到结冰的台阶，还滑了一跤，手套也掉了。然而，他的鬼皮皮笑容从未离开过他的脸。）"
"Hussey","'Hussey' 是一个少见的英文单词，它是早期英语中女人或少女的另一种表达方式，但是随着时间的变迁，它逐渐演变成了对于行为放荡，不道德的女性的轻蔑称呼。因此现在使用这个单词要特别小心，可能会冒犯别人。同时，“Hussey”也是一个常见的英国和爱尔兰姓氏。","- You shouldn't call her a hussey, it's not respectful. (你不应该骂她是女流氓，这不尊重人)\n\n- That hussey deceived my brother and took all his money. (那个女流氓欺骗了我的哥哥，把他的所有钱都拿走了)\n\n- John Hussey is a famous cricket player. (John Hussey是一个著名的板球运动员)\n\n\n\n请注意，后一句的“Hussey”指的是人名，不带有任何贬义。","'Hussey' 并没有明确的词根展示，它是一个来自古代英语的词。","'Hussey' 本身已经是一个完整的词，无法进行进一步的### 词缀分析。","'Hussey' 来源于中世纪的英格兰，最早是对女性的普通称呼，类似于现在的'miss'。但是随着时间的推移，'Hussey'的含义发生了变化，变成了对放荡不羁女性的贬义词。而作为姓氏的'Hussey'则来源于英格兰南部地区，有明确的地理标注性质。","'Hussey' 本身已经是一个完整的单词，并无法进行其他变形。","记忆'hussey'这个词的最好方法就是与相似 sounding 的单词或者场景联系起来。你可以将 'hussey' 联想为 'hussy'，这个词在现代英语中也拥有同样的意思。","Lucy used to be a kind and respectful woman. Until one day, she was influenced by some immoral women and became a hussey. People in the town were disappointed and avoided her.  (露西曾经是一个善良而尊重人的女性。直到有一天，她受到一些不道德的女性的影响，变成了一个放荡的女人。镇上的人们对此感到失望并避开她。)"
"Sinis","'Sinis'并非一个标准的英文单词，但在希腊神话中，Sinis是一个罪犯的名字。他以强大的力量和残酷的手段闻名，常在伊斯摸斯路上以弯曲的松树杀死过路的旅人。","- The strength of Sinis in Greek mythology was terrifying to those who crossed him.(希腊神话中的Sinis是那些惹上他的人心中恐怖的力量。)\n\n- Sinis would bend two pine trees to the ground and tie one of the traveler’s arm to each.(Sinis将两棵松树弯曲至地面，并将旅行者的每只手臂绑在其中一棵上。)\n\n- The dreaded punishment of Sinis was feared by every traveler.(每个旅行者都对Sinis可怕的惩罚感到恐惧。)","'Sinis'不是常规的英文单词，因此无法进行正常的词根和词缀分析","无","Sinis在希腊神话中是个非常恶名昭彰的罪犯，他在伊斯摸斯路上行凶，利用松树的弹性把过路旅行者弹飞，导致他们死状惨烈。后来，他被希腊英雄Theseus杀死，享受了他自己曾经施加给别人的同样待遇。","'Sinis'作为一个名字，在英文中没有变形。","将“Sinis”视为一个特殊的名字，联想到希腊神话中那个可怕的罪犯和他残忍的故事，会有助于记忆。","There once was a terrible criminal named Sinis in Greek mythology, who used the elasticity of pine trees to kill passers-by on the Isthmus road, resulting in a gruesome death. But one day, he was killed by the Greek hero Theseus, suffering the same fate he had once imposed on others.  \n\n曾经，在希腊神话中有一个名叫Sinis的可怕罪犯，他利用松树的弹性在伊斯摸斯道路上杀害过路的人，导致他们死状惨烈。但是有一天，他被希腊英雄Theseus杀死，遭受了他曾经施加给别人的同样的命运。"
"charge","'Charge' 是一个常用的英语单词，常见的意义有：\n\n- '费用，价钱'，例如 'entrance charge'（入场费）\n\n- '充电'，例如 'charge a phone'（给手机充电）\n\n- '控告，指责'，例如 'charge someone with a crime'（指控某人犯罪）\n\n- '冲锋'，例如 'lead a charge'（领导一次冲锋）、'charge at the enemy'（向敌人冲锋）","- 'That restaurant charges too much for their food.'（那家餐厅的食物价格太贵。）\n\n- 'Remember to charge your phone before you leave.'（记得在你离开之前给你的手机充电。）\n\n- 'The man was charged with theft.'（那个男人被指控盗窃。）\n\n- 'The soldiers charged at the enemy.'（士兵们向敌人冲锋。）","'Charge' 来自于早期的法语 'charger'，意为 'to load'（装载|），表现在英语中就是聚积，增加等含义。这也解释了为何 charge 有充电和增加费用的意思。","无","'Charge' 最早源自拉丁语中的 'carricare' ，先被引入古法语，再成为现在的英语词汇。它最初的含义是 'to load', 也就是重载，装填。而在文化背景上，它往往表示一种强烈的动作或指责。","'Charge' 的过去式和过去分词是 'charged'，现在分词是 'charging'，名词形式同样也是 'charge'。“控告、指责”的名词形式是 'charges'，形容词格式是 'chargeable'（可充电的、可控告的）。","想象一个士兵冲向电池，为它“充电”，同时还让电池付了“费用”并“控告”了电池。","Once upon a time, a brave soldier, knowing he was outnumbered, decided to charge at the enemy alone. Gripping his weapon tightly, he charged forward, the threat of his pending charges giving him courage.\n\n曾经有一次，一个勇敢的士兵，虽然知道自己寡不敌众，但依然决定单枪匹马冲向敌人。他紧紧握着武器，向前冲，对即将面临的指控的威胁给了他勇气。"
"fiscal","'Fiscal' 是一个英文形容词，意为“财政的，财物的”。它常用于描述与政府收入，尤其是税收，以及支出有关的事项。","- The country has been in a fiscal deficit for the past few years. (这个国家在过去几年一直在财政赤字中。)\n\n- Effective fiscal policies can stimulate economic growth. (有效的财政政策能够刺激经济增长。)\n\n- The fiscal year for this company starts in April. (这个公司的财政年度从四月开始。)","'Fiscal' 的词根来自于拉丁语的 'fiscus'，意为“国库”。","'Fiscal' 这个单词本身无前缀，尾缀的 -al 意为“……的”，常用于形容词。","'Fiscal' 这个词汇初见于17世纪，是从拉丁语引入英语中，旨在描述与公共财务有关的各种事务。","- 'Fiscal' 的名词形式是 'fiscality'，意为“国家的财政状况”。\n\n- 'Fiscal' 的副词形式是 'fiscally'，意为“财政地”，“从财政角度”。","你可以通过联想这个单词的反义词来记住它，例如 'unfiscal'，意为“非财务的”。","Amid global economic downturn, the government decided to introduce expansionary fiscal policies. They cut taxes and increased spending on infrastructure, hoping to stimulate economic recovery. (在全球经济下滑的情况下，政府决定引入扩张性的财政政策。他们削减税收，并增加了对基础设施的支出，希望能刺激经济复苏。)  \n\n（在全球经济下滑的情况下，政府决定引入扩张性的财政政策。他们削减税收，并增加了对基础设施的支出，希望能刺激经济复苏。)"
"mass","Mass这个单词在英文中有多个含义。最常见的意思是“质量”，通常用来描述物体的重要或者大小。另外，它也可以表示”众多的“，”大量“，”集中的“。在宗教中，尤其是天主教，Mass也是'弥撒'的意思。","- The mass of an object can be measured with a scale.（物体的质量可以用秤来测量。）\n\n- A mass of people gathered in the square.（广场上聚集了大量的人。）\n\n- She attends Mass every Sunday.（她每个星期天都去做弥撒。）","Mass这个词来源于拉丁文 'massa'，意思是 “lump” （团块）。其他由这个词根衍生的单词包括：\n\n- Massive: 巨大的，大量的。\n\n- Massacre: 大屠杀。\n\n- Masstige: 高端大众产品。","Mass是一个基本词，没有前缀或后缀。其他包含'mass'的单词包括：\n\n- Mass-produced: 大规模生产的。\n\n- Mass-market: 大众市场。\n\n- Mass-media: 大众传媒。","Mass这个单词在其发展过程中，一直保持着表示数量的意义。在中世纪，它在宗教中用来表示天主教的中心仪式，即弥撒。","Mass的复数形式是masses. 在搭配中，常常与following词搭配，变成'mass following'，表示拥有大量粉丝或者追随者。","可以通过单词联想的方法来记忆Mass这个单词，比如把它和其他你已经知道的单词连接起来。例如：Mass-大量-Massive。","Suddenly, a mass of clouds moved across the sky. It blocked the sun, casting a dark shadow over the town. People rushed indoors, narrowly avoiding the downpour that followed.（突然间，一大块云在天空中形成。它遮住了太阳，给小镇投下了阴影。人们纷纷冲进屋内，刚好避开了随后的暴雨。）"
"presently","'Presently' is an adverb which has two related but somewhat different meanings. The traditional meaning is 'soon' or 'in a short time,' suggesting something will happen in the near future. A more modern use, especially in American English, means 'now' or 'at this time.'","- I'll be with you presently. (我马上就会和你在一起。)\n\n- Presently, she is living in New York. (她当前正在纽约居住。)\n\n- He will arrive presently. (他很快就会到达。)","'Presently' derives from the word 'present', which has roots in the Latin word 'praesentem' meaning 'being at hand.'","'Presently' doesn't seem to have any specific prefixes or suffixes, but '-ly' is a common suffix used to form adverbs from adjectives.","The word 'presently' has been used since the 14th century, originally meaning 'instantaneously' or 'immediately'. Over time, its meaning has slightly shifted, now often used to mean either 'now' or 'soon'.","Here are some variations:  \n\n- Noun form: Present (现在)\n\n- Adjective form: Present (存在的)\n\n- Plural form: Presents (礼物)","You can remember 'presently' by thinking of it as a 'present' moment, which is 'now' or 'soon'.",""
"stack","“Stack”的最基本的意思是“一堆，一叠”, 通常用于描述放置整齐的物体的群组，特别是一个个地叠加在一起的物体。","- The library has a large stack of books.（图书馆有一大堆书。）\n\n- He has a stack of work to do.（他有一大堆工作要做。）\n\n- The dishes are stacked in the cupboard. (碗碟被堆放在食品柜里)","'Stack'的词根为'stac'，这是一个古老的词根，意为'堆积'。","'Stack'属于后缀不明显的单词，没有直接的词缀。","'Stack'这个词源自于古英语中的“staca”，直译为“一堆”。它在英美文化中常常用来描述许多放在一起的物体，尤其是那些叠放在一起的。","'stack'无名词单复数，作为动词表示“堆叠”，过去式为'stacked'，现在分词为'stacking'。","联想记忆法：可以将'stack'联想为“stk”(类似stock股票的音，股票常常用图表堆叠显示)，以此来帮助记住这个单词。","Every morning when the store opens, the manager arranges a stack of goods on the display shelf.(每天早上当商店开门的时候，经理会在陈列架上堆放一堆货物。)"
"Marty","'Marty'张是一个男性的名字，来自拉丁名字Martinus，意思是“战争者”或“来自马尔斯的人”。马尔斯在罗马神话中是战争之神。","","'Marty'没有明确的词根，因为它主要是一个人名，由Martinus演变而来。","无","Martinus（Martins的拉丁形式）来自古罗马，意为“战争者”。它在中世纪欧洲受到了广泛的欢迎，主要是由于早期欧洲的一位著名圣人——圣马丁。然后，它逐渐演变为本名Marty并在英语中被广泛使用。","作为一般的人名，'Marty'没有明确的变形，且在语法上不可变。然而，一些相关的名字可能包括Martin（Marty的原型）。","为了记住'Marty'，你可以联想到一些著名的Marty，比如电影《回到未来》中的主角Marty McFly。","Marty是一位勇敢的青年，总是喜欢挑战新的事物。一次，他进入了森林，发现了一片未被探索的区域。尽管他对未知有些恐惧，但他还是毅然决定去探寻，因为，他是Marty，今年的探险者。  \n\n（马蒂是一位勇敢的青年，总是喜欢挑战新的事物。有一次，他跑到森林里，发现了一个从未有人踏足过的地方。尽管他对未知的世界感到惊恐，但他还是坚定地决定要去探索，因为他是马蒂，战争者。）"
"TRUE","'True' 是一个形容词，主要有以下几种常见含义：\n\n- 真实的，非虚构的： 如 'true story' (真实的故事)\n\n- 忠实的，忠诚的：如 'true friend' (忠诚的朋友)\n\n- 准确的，正确的：如 'true prediction' (准确的预测)","- This is a true story about a brave man.(这是一个关于一位勇敢的男子的真实故事。)\n\n- She has been a true friend to me.(她一直都是我真诚的朋友。)\n\n- His prediction turned out to be true.(他的预测居然真的准确了。)","'True' 的词根来自于古英语（Old English）的 'trēowe', 意为 'faithful, trustworthy' （忠诚的，值得信赖的）。","'True' 是一个基本的英语单词，没有前缀或者后缀。","'True' 一词在英语中古英语起源，最早的用法如 'be true to'，意思是忠于，表达一个人的忠诚度和诚实。","'True' 没有变形版本，但有其对应的副词形式 “truly”（真正地；诚实地）。","'True' 是一个基本的英语单词，可以通过将它和其他形容词比较，例如 'false' (假的) 来帮助记忆。","'Jim found a true friend in Mike. Despite their differences, they stayed true to each other.' (吉姆在迈克这里找到了真正的朋友。尽管他们有所不同，但他们始终忠诚于彼此。)\n\n希望以上的分析可以帮助你理解和记住 'true' 这个单词。"
"choke","'Choke'作为动词，它的基本意义是'阻塞'或'窒息'。除此之外，它还可以在转喻意义上表示'由于紧张而失败'。例如，'I was so nervous, I choked during my presentation.'（我太紧张了，在演讲时失败了。）","- He almost choked on a piece of bread.（他几乎被一块面包闷到。）\n\n- The roads are choked with traffic.（街道上交通堵塞。）\n\n- He choked at the crucial moment of the match.（他在比赛的关键时刻失败了。）","'Choke'的词根是来自古英语的'ceoke'，意为'颈链'或'喉咙'，形象显示了被东西堵住的状况。","'Choke'本身没有词缀，它是一个单词的基本形态。","'Choke'源于古英语的'ceoke'或'cieca'（意为喉咙或颈部）。这个词逐渐发展为现在的意义，是指阻碍气体或液体的流动，或阻止人或动物的呼吸。","- 名词形式: Choked，Choking  \n\n- 副词形式: Chokey  \n\n- 复数形式: Chokes  \n\n- 过去式和过去分词: Choked  \n\n- 现在分词: Choking","你可以试着这样来记住这个单词：'choke'中 '-'cho' 的发音和中文的 '炒' 类似，而 'ke' 则犹如 '咳'，想一想当你 '炒咳' 就像是在 '阻塞' 或 '窒息'，就能记住这个单词了。","Once a young man was eating a big apple too hastily, and he suddenly choked. His face was pale, but he managed to cough it out and gasped for air. After that experience, he learned to chew his food carefully.（有一次，一个年轻人狼吞虎咽地吃着一个大苹果，突然被它呛到了。他脸色苍白，但他成功地咳出了那块苹果，然后大口地呼吸空气。那次经历后，他学会了细嚼慢咽。）"
"foothold","'foothold' 主要有两个含义，一是'立足点'，就是人或物可以立足的地方；第二是'据点'，意思是在广大区域中的一个小平稳区域，人们可以在这里进行开发或者扩张。","- Up there on the cliff, he found a tiny foothold to rest.(他在山崖上面找到了一个微小的立足点来休息。)\n\n- Starting a new business requires a firm foothold in the market.(开启新业务需要在市场上有稳定的据点。)\n\n- They are struggling to gain a foothold in the music industry.（他们正在努力在音乐产业中获取一个据点。）","这个词是由'foot' + 'hold'组成的，'foot'是脚，'hold'是抓住的意思，合起来就是以脚抓住地面，形象的表达了立足，抓稳位置的意思。","","这个词是由两个非常常见的词汇组合而成，早在18世纪就有了这个词，早期常用于描述攀岩等需要找合适地方落脚的场景，后来引申为在各种领域稳定自己的位置。","这个词是一个名词，没有时态和单复数变形。","可以想象一下你正在攀岩，你正在寻找一个地方可以稳稳的放下你的脚，这个地方就是'foothold'。","He used to be a small vendor selling street food. But now, he owned a foothold in the crowded marketplace, offering an exotic taste no one wants to miss. (他曾是一个在街头贩卖食物的小商贩。但现在，他在熙熙攘攘的市场中拥有了自己的一个据点，提供着无人能够抵挡的独特美味。)"
"mayor","'Mayor'是一个英语单词，是一个具体的职业名词，“市长”的意思。这是一个公务员头衔，通常指一个城镇或城市的最高行政官。他负责一个市或区域政府的行政管理。","- The Mayor will open the new library next week. （市长将在下周开放新的图书馆。）\n\n- Our town has just elected a new mayor. （我们镇刚刚选出了新市长。）\n\n- She is the first female mayor of the city. （她是本城市的首位女市长。）","'Mayor'来自中世纪拉丁语“maior”，意为“更大的，更重要的”。","'Mayor'没有特定的词缀，但是它是形容词 'major'的派生词。","'Mayor'这个词在英语中有很深的历史。最初出现在14世纪的法语中，意思是“市头，市长，主需要的，卓越的”。由于历史和文化的演变，这个词现在主要用于表示城市或镇的领导人。","'Mayor'本身就是名词，没有复数形式。但是可以与其他单词组成词组，如'Mayor's office'（市长办公室）。","把 'Mayor'与“major” （主要的）关联记忆，市长是一个城市主要的领导者。","One day, Tom, a kind and wise Mayor, saved the city from a terrible flood by organizing efficient rescue operations. The townsfolk will always remember their brave Mayor.  \n\n（有一天，汤姆，一个仁慈且明智的市长，通过组织高效的救援行动，使城市免于严重洪水的困扰。镇民们将永远记住他们勇敢的市长。）"
"prevail","'Prevail'这个单词在英语中主要有两个基本意思：一是“占主导地位，流行，盛行”,二是“取得胜利，获得优势”。比如，“In winters, cold weather prevails' (冬日里，寒冷的天气占主导) 或 'Justice will prevail in the end' (最后正义会占上风)。","- Peace will eventually prevail over war. (和平最终会战胜战争。)\n\n- In that area, traditional customs still prevail. (在那个地方，传统习惯仍然流行。)\n\n- Against all odds, she managed to prevail. (尽管困难重重，她还是取得了胜利。)","Prevail源于拉丁文praevaleō， 其中'prae-' 是前缀，表示在前， 'vāleo' 表示健康或强大。其他的词根衍生词有：Valiant (勇敢的), valid (有效的), valor (英勇)等。","'Prevail'自身并未包含英文的词缀，它是个完整的词根。","'Prevail'一词起源于14世纪的法语，原意为“prove more powerful, succeed”(证明更强大，成功)。其在文化上多用于描述优势或权势的胜利，例如在法律制度、艺术领域、全球事务等中的使用。","该词为动词,其过去式和过去分词形式为prevailed，现在分词为prevailing。","你可以把 'prevail'和 'victory'联想在一起记忆，因为prevail常常是取得胜利或者优势的意思。","In a small town, an old tradition prevailed: every spring, people would gather to plant trees. This tradition not only prevailed against time, but also nurtured a beautiful forest. (在一个小镇上，有一个流传已久的传统：每个春天，人们都会集中起来植树。这个传统不仅经受住了时间的考验，而且还孕育了一片美丽的森林。)"
"stress","尽管 'stress' 是一个常见的词语，但它在医学、心理学、语言学、物理学等多个领域中都有不同的含义。无论在哪个领域，'stress' 基本上都可以解释为一种压力、紧张或压迫。","- I'm under a lot of stress from work.（我工作的压力很大。）\n\n- Stress can have negative effects on our health.（压力可能对我们的健康产生负面影响。）\n\n- In the sentence 'I object', the stress falls on the second syllable.（在句子 ‘I object’中，重音落在第二个音节上。）","'stress' 来自于拉丁语 'strictus'，意为“紧绷的”，与此相关的英语单词还有 'strict'(严厉的)、'constrict'(收缩)。","'stress' 没有前后缀，但 'de-stress' 表示“减压”。","'Stress' 这个词在现代意义上的使用，最早可以追溯到19世纪40年代的物理学领域，用以表示“物体遭受强力作用时的内部抵抗力”。直到20世纪50年代，精神病学家汉斯·赛尔叶将其应用到心理学领域，引申出压力理论。","Stresses (复数)、Stressful（形容词）。  \n\n社交压力 (social stress)，应激反应 (stress response)。","想象 'strict' 像一根弓弦，被拉紧时就产生了 'stress'（压力）。","In a busy city, a hardworking man named Tom faced a lot of stress from work and his health was starting to suffer. He decided it was time to de-stress, so he left for a peaceful village and started living a stress-free life.  \n\n在忙碌的城市中，一个勤劳的人叫汤姆从工作中承受了很多压力，他的健康状况开始下滑。他决定是时候减压了，于是他去了一个安静的村庄，开始过上无压力的生活。"
"Masaccio","Masaccio 是一个意大利名词，它也是意大利画家 Tommaso di Ser Giovanni di Simone (1401或1402年-1428年) 的艺名，被认为是文艺复兴时期早期最重要的画家之一。然而，若你希望了解 Masaccio 对于英语中意义或### 词根分析\n\n，在英语中，Masaccio 并无特定含义，也没有明确的词根、词缀或变形。\n\n\n\n在历史与文化背景上，Masaccio 的作品被认为代表了早期文艺复兴艺术的一种飞跃，他的画作以其对人物和风景的真实主义描绘而备受赞誉，标志着西方艺术中的一次重大成长和发展。","无","无","无","无","无","方面，你可以将 Masaccio 与他的作品或生平事件关联起来，以便更好地记住这个单词。","在1425年的夏季，青年画家Masaccio在空气中充满果和花的香气的花园里，一边听着鸟鸣，一边专注地描绘他的画像。在画布上，他用颜料和创造力赋予了人物生命。  \n\n(在1425年的夏天，年轻的艺术家 Masaccio 在一个弥漫着果实和花香的花园里，他一边静听鸟语，一边专心地绘制他的画作。在画布上，他用颜色和想象力赋予了每一个人物生命。)"
"TT","TT 在不同的背景和上下文中可能有不同的含义。它可能是一个缩写词，用来表示各种含义。在下列情况中它可以表示这些含义：\n\n- 时间表（Timetable）： TT 作为时间表的缩写，主要被用于这样的句子，“My train TT is very busy this week” (我的火车时刻表这周很忙。)\n\n- 测试版（Test Version）：在软件开发行业中，TT 是测试版的简写，例如: 'We are currently working on the TT of our new app.'（我们正在测试我们新应用的测试版。）\n\n- 礼貌，尊敬（Tip top, used to express admiration or respect）： 这在英式英语中被用于表示尊重或赞美，例如：'Your performance was simply TT.'（你的表演简直太棒了。）\n\n- 试探性口头报价（Trial Tender）：在商业环境中，尤其是在招投标过程中，TT 通常用于提出一个初步的口头报价，用于开始谈判过程。\n\n\n\n在中文网络语言中，'TT'常常被用作表情符号，表示哭泣的表情，有脸部侧视图的效果，其中T的横杠表示双眼，而T的竖杠表示由眼泪造成的痕迹。例如：“我今晚没有做任何作业，好伤心TT。”","- The TT of the train from Paris to London changes often（从巴黎到伦敦的火车时刻表经常改变）\n\n- We already have the TT, the official version will be released soon（我们已经有了测试版，官方版本很快就会发布）\n\n- His dressing sense is just TT!（他的着装品味太棒了！）\n\n- They placed a TT on the construction project (他们对建设项目提出了一个试探性的口头报价)","在一般英语中，TT并不代表特定的单词或短语。所以对于词根、词缀的分析、单词的变形，发展历史和文化背景并没有什么可以提供的。因为它质的是一个缩写，而非通过词根词缀等构亿成的常规单词。","无","无","无","记住TT的小诀窍，可以将其与相关内容的缩写联系起来。例如，对于 'Timetable'，可以将它看作每日的'Tea Time' 主题日程表，来帮助记忆'TT'在这种情况下的含义。","John was puzzled by the TT of his new software job. It seemed like there was a constant flow of versions- Alpha, Beta and now TT. John was determined to do his best though. After all, in his mind, TT stood for Tip-Top, the best it could be.\n\n约翰对他新软件工作的测试版(TT)感到困惑。似乎版本更迭不断——从Alpha到Beta，现在到TT。但约翰决定尽全力做好。毕竟，在他心里，TT代表了最棒的，可能达到的最高水平。"
"civilization","'Civilization' 是名词，其意思主要是“文明”，指的是一个高度发展和复杂的社会或文化。此词也可以表示一个特定的地区、时期、社会或文化群体的具体表现形式。","- The ancient Roman Empire is often regarded as a pinnacle of civilization.（古罗马帝国经常被视为文明的巅峰。）\n\n- The discovery of fire marked a significant step in human civilization.（发现火是人类文明的一大重要步骤。）\n\n- Modern civilization is characterized by technological advancements.（现代文明的特点是技术的进步。）","'Civilization'中的词根是'civil'，来源于拉丁语 'civis'，意思是'公民'. 'Civil'一词在英语中具有“公民的”，“市民的'的含义。","'Civilization'中的结尾部分 '-ization' 是一个常见的后缀，表示“the process of making something”，它体现在这里是由“公民的社会”转变为复杂和高级的社会或文化的过程。","'Civilization'一词最初出现于18世纪，当时主要用于描述不同地理区域的社会和文化差异。后来，它的含义逐渐变得更加抽象和综合，不仅仅局限于社会和文化的差异，更多地是在描述一种社会发展和进步的过程。","Civilization的复数形式为 civilizations. 'Civilize' 是对应的动词， 'Civilized' 是形容词， 'Civilly' 是副词。","可以将 'Civilization' 想象为 'City'（城市）的 'Visitation'（参观），这有助于记住这个单词。","'Despite living in the midst of modern civilization, John always felt a deep yearning for the simplicity of rural life.'  \n\n尽管生活在现代文明中，约翰总是对乡村生活的简朴深感向往。"
"gang","'Gang' 在英语中主要有两个含义，一个是指一群有共同目标或兴趣，或者在一起做同样活动的人。另一个常见的含义是指一群涉嫌犯罪活动的人，也就是我们常说的帮派或者黑帮。","- He hangs out with a gang of friends at the park every evening.（每天晚上，他都和一群朋友在公园玩耍。)\n\n- The city has been struggling with gang violence for years.(这个城市多年来一直在与帮派暴力斗争。)\n\n- The police busted a gang involved in drug trafficking.(警方打掉了一个涉及毒品贩卖的团伙。)","","无","'Gang'是古英语词汇'gan',的派生词，'gan'在古英语里面表示'走”，所以'gang'的字面意思就是一群人一起行动的。19世纪，'gang'开始被用来专指街头犯罪团伙。","除了原型'gang'以外，'gang'有过去式和过去分词形式'gangged'，现在分词形式'ganging'。如：  \n\n- The men ganged together to fight against the injustice.(这群男人为了反对不公正的事情而聚集在一起。)\n\n- The children are ganging up on the new student.(孩子们正在一起欺负新生。)","你可以想象一下你的固定的一群朋友，他们是你的'gang'。这样可以更容易记住这个词。","Timmy was new to the city, but soon he had his own gang - a lovely golden retriever, a chatty parrot, and a sneaky raccoon. They had the best adventures together, and no matter where they went or what they did, they were always a 'gang'.（提米新搬到这个城市，但很快，他就有了自己的“团伙”——一只可爱的金毛寻回犬，一只话多的鹦鹉，和一只狡猾的浣熊。他们一起度过了最好的冒险，无论他们去哪里或做什么，他们一直都是一个“团伙”。)"
"mentally","'Mentally' 是一个副词，意思是'在心理上'，'精神上'，通常用来描述某人的心理状态或者某事情在心理层面上的影响。","- She was mentally and physically exhausted. 她身心疲惫。\n\n- He is mentally prepared for the worst. 他已经做好了最坏的心理准备。\n\n- We need to support them both physically and mentally. 我们需要在身体和精神上都支持他们。","'Mentally' 是由基本词根'ment-' 派生出来的，意思与'mind' （心灵，精神）相关。","'-al'是形容词后缀，意味着'有...性质的'或'与...有关的'。'-ly' 是副词后缀，将形容词变为副词。","'mentally' 这个词源于拉丁词'mens'，意思是'mind'。再后来经过法语的演变，成为英语中'mental'的形态，而副词形式'mentally'则是在这个基础上加上了副词后缀。","'Mentally' 作为副词没有变形，其对应的形容词式 'mental' ，名词形式则为 'mentality'","可以通过一些相关的词汇来联想记忆，比如 'mental', 'mentality', 这些词都与 'ment-'这个词根有关，都与心理，思想有关。","Fred was mentally drained after a long day of problem solving. He realized the importance of taking breaks to rejuvenate mentally.  \n\n弗雷德在解决了一整天的问题后精疲力尽。他意识到了休息以恢复精神的重要性。"
"reconcile","'Reconcile' 是一个英语单词，源自拉丁语词根 'reconciliare'，意为重建、还原。在英语中，'reconcile' 主要有两种意思。一是指和解，修复关系，特别是在关系紧张或分裂后；二是指令人接受一种不愉快或困难的事实。","- They decided to reconcile after the long feud. (他们决定在长期的争斗后和解。)\n\n- It is hard to reconcile my father's generous personality with his mean behavior. (很难让人接受我父亲宽大的性格与他吝啬的行为之间的矛盾。)\n\n- The government tried to reconcile the two opposing groups. (政府试图协调两个对立的团体。)","'Reconcile' 由两个词根组成： 're-' 和 'concilium'。 're-' 是一个前缀，意为重新。'concilium' 是一个古拉丁词，意为集会、聚集或协议。其衍生词有council（理事会）等。","'Reconcile' 中的 '-ile' 是一个后缀，通常用于形容词或者动词，表示“有...倾向的，易于…的”。","'Reconcile' 的词汇来源于中世纪拉丁语。亚里士多德在其著作中首次使用了 'reconcilium'，随后使这个词在学术界流行起来。","- 动词：reconciles（第三人称单数），reconciling（现在分词），reconciled（过去时和过去分词）  \n\n- 名词：reconciliation（和解，协调）","在记忆 'reconcile' 这个单词时，你可以将它和 'council' 这个单词关联起来，想象一个分裂的理事会最后重组，达成协议，和解了。这种关联可以帮助你记住 'reconcile' 的意思和拼写。","Long ago, two rival tribes lived across the river. Conflicts and fights were frequent between them. But one fine day, they decided to reconcile, end their feuds, and build a bridge of connection for better communication and peace. From that day forward, the tribes lived in harmony.\n\n很久以前，河的两边生活着两个敌对的部落，他们经常发生冲突和战斗。但是，在一个美好的日子里，他们决定和解，结束他们的争端，并建立一个沟通和和平的桥梁。从那天开始，这两个部落和睦相处。"
"treasure","'Treasure'是名词和动词。作为名词时，该词通常指极有价值的物品或财产，特别是金银和珠宝；作为动词时，表示高度珍视或重视某事物。在广义上，还常用于形容我们对非物质的、精神上的“财富”——比如友情、健康或美好的回忆——的珍视和重视。","- The archaeologists discovered a treasure buried underground.(考古学家们发现了一个埋藏在地下的宝藏。)\n\n- His grandfather's watch is a treasure to him.(他的手表对他来说是个珍宝。)\n\n- She treasures the memories of her travels around the world.(她珍视她环游世界的记忆。)","Treasure由Latin的'thesaurus' (存款，宝库)衍生而来，进一步追溯，可以找到Greek的'thēsauros' (宝库, 财宝)，这也是我们现在“辞典”一词在英语中的fe本源（thesaurus)。","Treasure本身无前缀或后缀。然而，相关词汇如 'treasurer'（财务主管）和 'treasurable'（有价值的、可珍藏的）显然有后缀。","Treasure一词在中世纪初期从法语借入英语，最初的意思是'财富'或'财产'，比现在的用法要广泛一些。而在欧美文化中，“寻找宝藏”是许多故事或电影的常见主题，等同于探索、冒险和追求财富的象征。","- 名词：treasure（宝藏/财富）\n\n- 动词：treasure（珍视）\n\n- 形容词：treasurable（有价值的、可珍藏的）\n\n\n\n固定搭配比如 “buried treasure”（埋藏的宝藏），“treasure home”（珍视家园）。","实物级的“宝藏”，通常是我们在海盗电影中看到的那种：满满的金币和珠宝，堆积在一个大箱子里。而在现实生活中，每个人心中都有自己的“宝藏”，可能是有价值的物品，也可能是家人和朋友、健康和经验等。有时，“珍视”这个动作，比实际的“财宝”更有价值。","Tommy found an old map in his attic, it was a treasure map! He followed the map, walked through mountains, valleys, rivers, and finally found a treasure chest under a giant tree. Inside was his greatest treasure—a book of wisdom from his ancestors.\n\n汤米在他的阁楼上找到了一张古老的地图，原来是一张宝藏地图！他按照地图走过山丘、河谷，最后在一棵巨大的树下找到了宝箱。里面是他最大的宝藏——一本来自他的祖先的智慧之书。"
"assistance","'Assistance' 是一个名词，表示帮助或援助，通常用于描述给予帮助或支持的行为。","- I can't move this table by myself. Can you give me some assistance?  (我不能自己移动这张桌子。你能帮助我吗？)\n\n- The government provides financial assistance to the unemployed. (政府向失业者提供经济援助。)\n\n- We express our heartfelt thanks for your assistance during this difficult time.(我们对于你在这个困难时期的帮助表示由衷的感谢。)","'Assistance' 的词根是 'assist' ，表示“帮助”。加上后缀 '-ance'，将单词变为名词。","'Assistance' 的前缀是 'assist-'，词根，表示帮助；'-ance' 是后缀，用于形成名词。","词汇 'assistance' 来源于中世纪的法语，其词根 'assist' 取自拉丁语 'assistere'，表示 '站在某人身边'，在字面上，也就是指 '协助，帮助'。","'-ance' 是一个常见的名词后缀，用于将动词转换为名词。动词形式是 'assist'，形容词形式是 'assistive'，副词形式是 'assistingly'。","你可以通过单词的发音 (assist + ance) 来帮助记忆。另外，记住其词根 'assist' 及其含义(帮助)，只需要再记住 '-ance' 后缀用于形成名词，这样就可以容易记住 'assistance' 这个单词了。","When Tom's car broke down in the middle of the road, a kind passer-by offered his assistance. He was a mechanic and quickly fixed the car for Tom.\n\n当 Tom 的汽车在路中间抛锚时，一个善良的路人提供了他的帮助。他是个机械师，很快就为 Tom 修好了车。"
